id,vf_an_01,vf_an_02,vf_an_03,vf_an_04,vf_an_05,vf_an_06,vf_an_07,vf_an_08,vf_an_09,vf_an_10,vf_an_11,vf_an_12,vf_an_13,vf_an_14,vf_an_15,vf_an_16,vf_an_17,vf_an_18,vf_an_19,vf_an_20,vf_an_21,vf_an_22,vf_an_23,vf_an_24,vf_an_25,vf_an_26,vf_an_27,vf_an_28,vf_an_29,vf_an_30,vf_an_31,vf_an_32,vf_an_33,vf_an_34,vf_an_35
4,cat,dog,giraffe,elephant,monkey,chicken,donkey,rat,bird,snake,Rhino,Buffalo,cow,goat,alpaca,pig,shark,fish,penguin,turtle,bears,99,99,99,99,99,99,99, , , , , , , 
6,cat,mouse,dog,raccoon,squirrell,snake,bear,deer,rabit,bird,monkey,zebra,lion,tiger,crow,giraffe,elephant,gazelle,fox,figh,shark,starfish,seahorse,horse,alpaca,99,99,99, , , , , , , 
7,monkeys,cats,dogs,gorillas,zebra,fish,elephant,giraff,ant,lion,tiger,pig,horse,donkey,99,99,99,99,99,99,99,99,99,99,99,99,99,99, , , , , , , 
9,jaguar,cat,dog,mice,deer,dolphin,giraffe,kangaroo,fish,snail,tiger,lion,snake,rat,racoon,bear,stingray,moose,cantelope,armadillo,birsd,bird,99,99,99,99,99,99, , , , , , , 
10,cat,dog,fish,bird,monkey,elephant,giraffe,dolphin,shark,lion,tiger,bear,penguin,snake,shark,spider,mouse,rat,skunk,squirrel,flamingo,polar bear,tiger,parrot,ferret,bunny,lizard,99, , , , , , , 
11,dog,cat,spider,cow,horse,pig,monkey,fish,shark,snake,elephant,mouse,rat,roach,butterfly,eagle,pigeon,bull,lion,tiger,flamingo,zebro,99,99,99,99,99,99, , , , , , , 
14,polar bear,panda bear,koala bear,fish,octopus,squid,gold fish,clown fish,bird,eagle,hawk,falcon,vulture,slug,snail,sloth,dog,shih tzu,lab,golden retirever,cat,russian blue,canary,whale,orca,sperm whale,99,99, , , , , , , 
15,dog,cat,monkey,baboon,chimp,ape,gorilla,zebra,donkey,lion,tiger,bear,bird,mouse,rat,snail,99,99,99,99,99,99,99,99,99,99,99,99, , , , , , , 
16,dog,cat,rabbit,squirell,horse,chicken,cow,bird,lion,tiger,bear,monkey,fish,seahorse,hamster,guinea pig,turtle,frog,fox,heron,duck,99,99,99,99,99,99,99, , , , , , , 
17,fox,cat,dog,bird,possum,rat,zebra,elephant,cheetah,tiger,lion,deer,cow,pig,snake,frog,lizard,farrot,99,99,99,99,99,99,99,99,99,99, , , , , , , 
18,cat,dog,cow,elephant,giraffe,snake,bird,fish,monkey,raccoon,scorpion,bee,parrott,bear,deer,turkey,chicken,bull,human,99,99,99,99,99,99,99,99,99, , , , , , , 
21,bear,dog,cat,wolf,snake,rat,bat,guinea pig,pig,horse,cow,donkey,lion,jaguar,ocelot,caracal,salmon,bird,hawk,racoon,deer,frog,hog,fox,99,99,99,99, , , , , , , 
24,Dog,Cat,Horse,Giraffee,Turtle,Sugar glider,Hippo,Rhino,Lion,Tiger,Wolf,Fox,Elephant,Zebra,Deer,Turkey,Chicken,Pheasant,Sparrow,Babboon,Monkey,99,99,99,99,99,99,99, , , , , , , 
26,elephant,lion,tiger,hippo,panda,camel,giraffe,monkey,gorilla,dolphin,whale,shark,jellyfish,snake,alligator,fox,possuk,deer,rabbit,bear,eagle,99,99,99,99,99,99,99, , , , , , , 
27,cat,dog,lizard,lop bunny,hamster,elephatn,rhino,hippo,zebra,giraffe,parrot,spider,dolphin,wale,shrimp,salmon,otter,seal,crab,99,99,99,99,99,99,99,99,99, , , , , , , 
28,monkey,cat,dog,fish,goat,sheep,gorrilla,rhino,hippo,lion,sea lion,otter,tiger,whale,shark,llama,tiger,jaguar,coyote,99,99,99,99,99,99,99,99,99, , , , , , , 
29,dog,Cat,snake,rabbit,deer,sloth,monkey,lion,dinasor,flamingo,bat,gorilla,panda,iguana,amadillo,lizard,bear,bird,donkey,elephant,99,99,99,99,99,99,99,99, , , , , , , 
30,Penguin,Tiger,Lamb,Elephant,Monkey,Possum,Walrus,Chimpanzee,Baboon,Lion,Bear,Leopard,Seal,Dugong,Seahorse,Duck,Bablefish,Rhino,T-Rex,Sea Cucumber,99,99,99,99,99,99,99,99, , , , , , , 
31,zebra,cow,groundhog,racoon,mouse,dog,cat,rat,mouse,spider,horse,pig,lio,tiger,bear,snake,elephant,hippo,moose,99,99,99,99,99,99,99,99,99, , , , , , , 
33,Ant,Penguin,Giraffe,Elephant,Dodo,Lory,Hare,Rabbit,Ostritch,Flamingo,Peacock,Monkey,Lion,Dog,Cat,Horse,Mule,Cow,Porcupine,Platypus,Kangaroo,Finch,99,99,99,99,99,99, , , , , , , 
34,Giraffe,Lion,Dog,Cat,Zebra,Elephant,Cougar,Tiger,Panda,Monkey,Koala,Gorilla,Bird,Kangaroo,Buffalo,Horse,99,99,99,99,99,99,99,99,99,99,99,99, , , , , , , 
37,ant,amadillo,cat,dog,mouse,horse,cow,bird,zerba,elephant,tier,lion,bear,squirrel,frog,lizard,pig,donkey,goat,lamb,sheeo,rat,mongoose,moose,deer,rabbit,salamander,99, , , , , , , 
38,giraffe,cat,dog,fish,parrot,coyote,fox,zebra,lion,beaver,otter,llama,alpaca,turtle,raccoon,deer,horse,antelope,warthog,99,99,99,99,99,99,99,99,99, , , , , , , 
39,dog,cat,horse,mouse,rat,sheep,goat,fish,bird,seal,penguin,polar bear,bear,deer,skunk,racoon,99,99,99,99,99,99,99,99,99,99,99,99, , , , , , , 
40,lion,tigers,bears,giraffe,turtle,squirrel,panda,rat,hamster,dog,cat,rabbit,donkey,fox,wolf,bat,snake,99,99,99,99,99,99,99,99,99,99,99, , , , , , , 
41,kangaroo,cat,dot,wombat,fruitfly,zebra,horse,cow,pigeon,platypus,orangutang,elephant,monkey,peacock,ferret,rat,rabbit,tiger,lion,cerval,bear,snake,99,99,99,99,99,99, , , , , , , 
42,giraffe,lion,tiger,cheetah,cat,dog,lemur,rhinoceras,elephant,dolphin,fish,shark,bird,gorilla,monkey,99,99,99,99,99,99,99,99,99,99,99,99,99, , , , , , , 
43,cow,pig,chicken,goat,dog,cat,hamster,snake,bird,lizard,turtle,fish,deer,baer,99,99,99,99,99,99,99,99,99,99,99,99,99,99, , , , , , , 
44,cat,dog,rabbit,frog,bear,snake,bird,dog,liazard,octopus,giraffe,elephant,lion,tiger,fish,rat,mouse,mole,99,99,99,99,99,99,99,99,99,99, , , , , , , 
47,dog,cat,fish,bird,cow,pig,goat,owl,squirrel,elephant,lion,tiger,bear,liger,mountain lion,deer,analope,zebra,hog,99,99,99,99,99,99,99,99,99, , , , , , , 
48,llama,alpaca,dog,hedgehog,porcupine,cat,fish,dolphine,whale,cow,camel,skunk,octopus,dinosaur,snake,panda,bear,polar bear,parrot,bird,spider,butterfly,99,99,99,99,99,99, , , , , , , 
51,dog,cat,fish,bird,allegator,dinosaur,horse,snake,turtle,dolphin,shark,mouse,gerbil,hamster,monkey,gorilla,wolf,bear,hippo,giraffe,99,99,99,99,99,99,99,99, , , , , , , 
52,dog,cat,mouse,fish,snake,elaphant,tiger,monkey,bug,rabbit,pig,guinepig,giraffe,99,99,99,99,99,99,99,99,99,99,99,99,99,99,99, , , , , , , 
53,fox,dog,cat,hprse,rat,mouse,elephant,cow,duck,goose,fish,bird,ant,99,99,99,99,99,99,99,99,99,99,99,99,99,99,99, , , , , , , 
54,dog,cat,fish,horse,pig,lion,tiger,bear,eagle,butterfly,bird,wolf,zebra,snake,shark,turtle,99,99,99,99,99,99,99,99,99,99,99,99, , , , , , , 
55,cat,dog,horse,rabbit,hamster,horse,pig,kitten,bird,eagle,bunny,ostrig,panda,polor bear,bear,tiger,99,99,99,99,99,99,99,99,99,99,99,99, , , , , , , 
56,eel,zebra,cat,dog,snkae,snail,cow,bird,giraffe,hippo,moose,goose,fox,horse,pig,sheep,goat,monkey,lizard,fish,shark,dolphins,butterfly,moth,99,99,99,99, , , , , , , 
57,deer,dog,cat,elephant,bird,fish,lizard,snake,hampster,zebra,lion,tiger,bear,rat,mouse,bug,gator,99,99,99,99,99,99,99,99,99,99,99, , , , , , , 
58,dog,cat,koala bear,polar bear,lion,cheetah,chipmansee,chimpanzee,cow,goat,llama,zebra,hamster,pig,99,99,99,99,99,99,99,99,99,99,99,99,99,99, , , , , , , 
59,dog,cat,cheetah,owl,whale,shark,cow,horse,pig,chicken,bull,goat,dolphin,sea fish,racoon,squirrel,lion,99,99,99,99,99,99,99,99,99,99,99, , , , , , , 
63,giraffe,cat,dog,bear,snake,lizard,goat,chicken,rooster,pig,whale,dolphin,seahorse,lion,tiger,dodo bird,pelican,swan,jellyfish,oyster,manatee,penguin,stingray,99,99,99,99,99, , , , , , , 
65,bird,bee,bat,pig,cow,dog,moose,elephant,lion,giraffe,rhino,anteater,monkey,snake,lizard,frog,99,99,99,99,99,99,99,99,99,99,99,99, , , , , , , 
66,dog,cat,lion,tiger,bear,bird,spider,human,squirrel,zebra,elephant,girrafe,snake,99,99,99,99,99,99,99,99,99,99,99,99,99,99,99, , , , , , , 
71,dog,cat,giraffe,fish,pig,goat,lion,bird,zebra,hamster,ginea pig,jagur,elephant,99,99,99,99,99,99,99,99,99,99,99,99,99,99,99, , , , , , , 
72,zebra,lion,tiger,bears,goose,duck,bird,squirrel,frog,mice,racoon,rabbit,dog,cat,snakes,99,99,99,99,99,99,99,99,99,99,99,99,99, , , , , , , 
73,dog,cat,money,mouse,deer,rabbit,bunny,fish,panda bear,black bear,raindeer,snake,spinder,ladybug,cockroach,ant,elephant,99,99,99,99,99,99,99,99,99,99,99, , , , , , , 
74,dog,cat,snake,cheetah,fish,shark,kangroo,elephant,frog,ape,monkey,bear,horse,cow,donkey,99,99,99,99,99,99,99,99,99,99,99,99,99, , , , , , , 
75,elephant,giraffe,zebra,monkey,gorilla,bobcat,lemur,tiger,lion,wolf,dog,cat,ferret,gerbil,hamster,turantula,snake,lizard,bunny,fox,eagle,horse,jack rabbit,99,99,99,99,99, , , , , , , 
76,dog,cat,fish,snake,rat,mouse,dolphin,alligater,bird,bear,walrus,blowfish,fly,99,99,99,99,99,99,99,99,99,99,99,99,99,99,99, , , , , , , 
77,cat,dog,snake,cow,pig,donkey,rabbitt,deer,racoon,opossum,bird,bull,horse,bear,panda,python,willabeast,owl,99,99,99,99,99,99,99,99,99,99, , , , , , , 
78,cat,dog,horse,cow,goat,rhino,zebra,fish,giraffe,hippo,lemur,tiger,frog,[ig,bird,mreptile,sporian,pica,mouser,rat,goose,moose,hare,rabbit,yeast,99,99,99, , , , , , , 
79,dog,cat,bird,fox,bear,fish,snake,lizard,rabbit,squirrel,99,99,99,99,99,99,99,99,99,99,99,99,99,99,99,99,99,99, , , , , , , 
80,Dog,Cat,Dolphin,Elephant,Mouse,Deer,Fox,Wolf,Tiger,Panther,Flamingo,Ostritch,Shark,Monkey,Rhino,Hippo,99,99,99,99,99,99,99,99,99,99,99,99, , , , , , , 
81,cat,dog,elephant,mouse,bird,eagle,owl,donkey,human,whale,dolphin,fish,loin,zebra,monkey,snake,anteater,99,99,99,99,99,99,99,99,99,99,99, , , , , , , 
82,bird,gees,elephant,walrus,penguin,giraffe,lion,dog,cat,hamster,owl,horse,squirrel,rat,mouse,snake,99,99,99,99,99,99,99,99,99,99,99,99, , , , , , , 
83,Cat,Dog,Fish,Bird,Panda,Elephant,Chicken,Cow,Whale,Octopus,Bear,Racoon,Squirrel,Ant,99,99,99,99,99,99,99,99,99,99,99,99,99,99, , , , , , , 
84,cat,dog,fish,ferret,mole rat,weasel,eagle,falcon,elephant,lion,tiger,bear,gorilla,giraffe,rhino,alligator,merecats,moles,possom,rat,99,99,99,99,99,99,99,99, , , , , , , 
85,life,creatures,criters,mammals,bugs,dogs,cats,fish,chicken,goat,girraffe,pig,monkey,ape,whale,mouse,roaster,turkey,99,99,99,99,99,99,99,99,99,99, , , , , , , 
86,horse,cat,dog,elephant,giraffe,cow,pig,sheep,wolf,lion,tiger,bear,rhino,hippo,zebra,warthog,goat,mouse,rabbit,deer,skunk,fox,squirrel,bird,99,99,99,99, , , , , , , 
89,Dog,Cat,Fish,Racoon,Squirrel,Rat,Rabbit,Hamster,Bird,eagles,crickets,pigs,elpahnts,zebras,monkeys,humans,kitty,whales,sharks,dolphins,99,99,99,99,99,99,99,99, , , , , , , 
91,horse,dog,cat,bunny,zebra,lion,bird,snake,spider,slug,rat,ant,mice,alligator,fish,shrimp,dolphin,shark,chinchilla,99,99,99,99,99,99,99,99,99, , , , , , , 
92,dog,cat,cow,moose,mouse,chicken,bird,squirrel,hamster,gorilla,monkey,hippo,lion,deer,99,99,99,99,99,99,99,99,99,99,99,99,99,99, , , , , , , 
93,lion,cat,bear,dog,deer,duck,alligator,eagle,swan,dove,mouse,rat,opposum,raccoon,snake,frog,fish,parrot,lizard,cow,pig,sheep,lamb,99,99,99,99,99, , , , , , , 
94,birds,dragon,cat,dogs,pigs,ants,rabbit,spiders,goose,huamns,humans,elephant,eagle,hamster,99,99,99,99,99,99,99,99,99,99,99,99,99,99, , , , , , , 
95,cat,dog,sheep,goat,pig,wolf,fish,bird,shark,cow,horse,snake,hamstires,gunie pig,whale,penguin,panda,raccoon,bamboon,rabbit,99,99,99,99,99,99,99,99, , , , , , , 
96,monkey,bird,dolphin,chiuaua,siberian husky,human,chipanzee,koala,kangaroo,chicken,duck,dog,cat,fish,trout,bass,donkey,horse,seagull,whale,shark,manitee,butterfly,99,99,99,99,99, , , , , , , 
97,giraffe,kangaroo,penguin,otter,penguin,turtle,platypus,snake,fish,whale,shrimp,dog,cat,mouse,parrot,monkey,chicken,pig,cow,99,99,99,99,99,99,99,99,99, , , , , , , 
103,cat,dog,mouse,chiken,dragon,monkey,wolf,fox,bird,lion,red panda,turtle,shark,frog,llama,horse,99,99,99,99,99,99,99,99,99,99,99,99, , , , , , , 
104,dog,cat,goat,pig,mouse,elephant,rats,gunny pig,sheep,lambs,hog,chicken,roster,chimpanzee,monkey,flamingo,birds,armadillo,ants,snakes,turtles,fish,99,99,99,99,99,99, , , , , , , 
106,zebra,giraffe,cat,dog,lion,tiger,lizard,skunk,rat,mouse,liger,elephant,frog,iguana,fish,sealion,shark,turtle,koala,bear,99,99,99,99,99,99,99,99, , , , , , , 
107,cheetah,lion,bear,rat,giraffe,snake,beaver,zebra,octopus,whale,dolphin,star fish,crab,lobster,snail,pig,goat,lamb,bat,cat,99,99,99,99,99,99,99,99, , , , , , , 
108,tiger,lion,bear,cougar,elephant,ant,mouse,cat,dog,horse,bear,donkey,frog,insect,butterfly,jaguar,tiger,antelope,hippo,rhino,turtle,99,99,99,99,99,99,99, , , , , , , 
109,cat,dog,owl,bird,shark,lion,tiger,monkey,whale,rabbit,sevral,kangaroo,snake,99,99,99,99,99,99,99,99,99,99,99,99,99,99,99, , , , , , , 
118,dog,cat,bird,giraffee,monkey,zebra,hedgehog,donkey,elephant,tiger,bear,snake,lizard,hippo,99,99,99,99,99,99,99,99,99,99,99,99,99,99, , , , , , , 
119,dog,cat,horse,hen,goat,buffolo,cow,chicken,fish,dophin,whale,bird,mouse,99,99,99,99,99,99,99,99,99,99,99,99,99,99,99, , , , , , , 
120,dog,cat,giraffe,zebra,cat,horse,pig,chicken,ostrich,tiger,lion,bear,nouse,mouse,monkey,snake,spider,anyt,ant,snail,cow,fish,99,99,99,99,99,99, , , , , , , 
121,zebra,elephant,tiger,giraffe,rhino,monkey,dog,cat,fish,panda,kangaroo,hippopatomus,99,99,99,99,99,99,99,99,99,99,99,99,99,99,99,99, , , , , , , 
122,cat,dog,fish,bird,turlte,bear,lion,tiger,chettah,whale,gorilla,fox,racoon,squirrel,duck,99,99,99,99,99,99,99,99,99,99,99,99,99, , , , , , , 
123,dog,cat,bird,rat,snake,alligator,wolf,lamb,deer,99,99,99,99,99,99,99,99,99,99,99,99,99,99,99,99,99,99,99, , , , , , , 
124,dog,cat,lion,mouse,mice,tiger,monkey,bird,snake,spider,elephant,zebra,gerbal,snake,antsa,worms,99,99,99,99,99,99,99,99,99,99,99,99, , , , , , , 
125,dog,polar bear,penguin,lion,giraffe,zebra,cat,tiger,lion,gorilla,monkey,whale,shark,fish,sea gull,starfish,antelope,deer,snake,monkey,elephant,hippo,99,99,99,99,99,99, , , , , , , 
126,dog,cat,whale,monkey,koala,snake,giraffe,elephant,tiger,lion,bear,baboon,gorilla,racoon,squirrel,moose,rat,bird,lemur,rhino,99,99,99,99,99,99,99,99, , , , , , , 
127,dog,cat,bird,fish,elephant,tiger,monkey,cricket,rat,snake,lizard,bunny,99,99,99,99,99,99,99,99,99,99,99,99,99,99,99,99, , , , , , , 
128,dog,cat,bird,zebra,mouse,elephant,squirril,lizzard,fish,shark,whale,grouper,dolphin,99,99,99,99,99,99,99,99,99,99,99,99,99,99,99, , , , , , , 
129,monkey,cow,pig,dog,cat,bear,fox,wolf,turtle,fish,hamster,snake,rabbit,zebra,shark,lion,tiger,99,99,99,99,99,99,99,99,99,99,99, , , , , , , 
130,dog,cat,horse,goat,rabbitt,crab,fish,bird,squirrel,monkey,elephant,giraffe,otter,alpaca,skunk,llama,camel,pony,fox,deer,dove,99,99,99,99,99,99,99, , , , , , , 
131,pets,beasts,creatures,cats,dogs,lions,tigers,bears,monkeys,giraffes,elephants,baboons,farrot,99,99,99,99,99,99,99,99,99,99,99,99,99,99,99, , , , , , , 
132,goat,cat,meercat,lion,husky,whale,bird,red panda,geko,bearded dragon,python,turantula,newt,99,99,99,99,99,99,99,99,99,99,99,99,99,99,99, , , , , , , 
133,horse,dog,cat,gorilla,monkey,rat,snake,cow,pig,goat,chicken,bird,cardinal,croc,alligator,flamingo,elephant,lion,tiger,99,99,99,99,99,99,99,99,99, , , , , , , 
134,cat,dog,hamster,wolf,ginea pig,pig,penguin,bear,snake,whale,dolphin,fish,seal,sting ray,elephant,giraffe,tiger,panda,monkey,bunny,possum,ant eater,99,99,99,99,99,99, , , , , , , 
135,monkey,dog,cat,sheep,donkey,horse,fish,tiger,zebra,girafe,pig,bird,flamingo,ant,spider,snake,rat,lizard,rabbit,turtle,99,99,99,99,99,99,99,99, , , , , , , 
136,cat,dog,elephant,tiger,lion,giraffe,monkey,chicken,duck,ostrich,bat,cow,pig,goat,bird,zebra,prairie dog,chincilla,lizard,iguana,99,99,99,99,99,99,99,99, , , , , , , 
137,chihuahua,dog,cat,penguin,bear,rabbit,snake,squirrel,deer,duck,goose,skun,hipp,elephant,alligator,rhinoceros,cow,horse,pig,goat,camel,99,99,99,99,99,99,99, , , , , , , 
138,dog,cat,rabbit,bird,gorilla,monkey,squirrel,horse,pig,hog,wolf,lion,cardinal bird,dinosaur,fish,shrimp,bass,octopus,dolphin,shark,whale,donkey,clam,oyster,99,99,99,99, , , , , , , 
146,goat,sheep,rabbit,dog,cat,squrriel,alpaca,deer,chicken,cow,monkey,llama,99,99,99,99,99,99,99,99,99,99,99,99,99,99,99,99, , , , , , , 
147,dog,cat,mice,hen,cow,chipmunk,rabbit,moose,rat,lizard,bird,alligator,bear,dolphin,whale,fish,shark,coral,duck,swan,raven,pigeon,99,99,99,99,99,99, , , , , , , 
148,dog,cat,fish,giraffe,elephant,bear,donkey,gorilla,money,monkey,duck,chicken,cow,goose,pig,horse,rabbit,hare,tortious,turtle,frog,cricket,spider,snake,kangaroo,koala,sheep,goat, , , , , , , 
149,tiger,cheetah,bear,squirrel,cat,dog,human,panther,hamster,fish,porccipine,giraffe,elephant,gorilla,dolphin,whale,at,hippo,99,99,99,99,99,99,99,99,99,99, , , , , , , 
150,cat,dog,zebra,chocolate lab,balck lab,yellow lab,tiger,monkey,whale,dolphin,shark,seal,walrus,bird,worm,squirrel,deer,lion,panada,99,99,99,99,99,99,99,99,99, , , , , , , 
155,Cat,Dog,Hamster,Parrot,Goat,Cow,Hog,Ant,Ant Eater,Tiger,Lynx,Lion,Bear,Deer,Snake,Rat,Mouse,Ferrot,99,99,99,99,99,99,99,99,99,99, , , , , , , 
156,cat,dog,mouse,snake,tiger,frog,moose,elephant,deer,raccoon,polar bear,bear,fish,99,99,99,99,99,99,99,99,99,99,99,99,99,99,99, , , , , , , 
157,dog,cat,mouse,hamster,bird,tiger,goose,duck,monkey,giraffe,dinosaur,turtle,fish,lion,99,99,99,99,99,99,99,99,99,99,99,99,99,99, , , , , , , 
158,dog,cat,fish,horse,bird,rat,mouse,deer,lion,tiger,bear,monkey,chimp,possom,eleephant,turtle,roach,ant,99,99,99,99,99,99,99,99,99,99, , , , , , , 
159,Dog,Cat,Mouse,Elephant,Tiger,Lion,Tiger,Bear,Snake,Ant Eater,Giraffe,Flamingo,Penguin,Horse,Duck,Goose,Fish,Rat,Bug,99,99,99,99,99,99,99,99,99, , , , , , , 
160,dog,cat,bear,dolphin,frog,ant,snake,spider,bird,rabbit,fish,whale,zebra,hippo,manatee,polar bear,moose,deer,lobster,shrimp,starfish,sting ray,99,99,99,99,99,99, , , , , , , 
161,cat,dog,pig,bull,wolf,goldfish,turtle,giraffe,zebra,rattlesnakes,naked molerat,"tigers """,lions,bears,birds,flammingos,fish,99,99,99,99,99,99,99,99,99,99,99, , , , , , , 
162,dog,cat,fish,monkey,tiger,lion,bird,hamster,snake,horse,girrafe,camel,rhino,99,99,99,99,99,99,99,99,99,99,99,99,99,99,99, , , , , , , 
163,dog,cat,owl,wolf,rat,raccoon,lion,tiger,bear,shark,crab,bear,ant eater,bird,hawk,eagle,99,99,99,99,99,99,99,99,99,99,99,99, , , , , , , 
165,dogs,cats,cows,horses,cheetahs,tigers,lions,bears,frogs,bull,giraffe,snake,hamster,99,99,99,99,99,99,99,99,99,99,99,99,99,99,99, , , , , , , 
166,elephant,cat,dog,mouse,rabbit,snake,spider,griaffe,tiger,bear,lion,fish,shark,hamster,ferrett,donkey,bird,horse,pony,goat,99,99,99,99,99,99,99,99, , , , , , , 
167,dog,cat,giraffe,monkey,pig,bird,guinea pig,hamster,cow,zebra,tiger,lion,eagle,dolphin,shark,seahorse,bear,polar bear,deer,possum,sheep,koala,snake,rabbit,frog,ladybug,spider,bunny, , , , , , , 
173,cat,dpg,monkeys,fish,birds,lion,tiger,snake,turtle,rats,cows,horses,pigs,chickens,duck,worm,bee,ant,spider,crocodile,alligator,eagle,99,99,99,99,99,99, , , , , , , 
193,dog,cat,hawk,fish,lion,tiger,bear,giraffe,koala,snake,hamster,99,99,99,99,99,99,99,99,99,99,99,99,99,99,99,99,99, , , , , , , 
198,cow,cat,dog,rabbit,turlte,giraffw,elphant,tiger,lion,bird,bear,mouse,rat,rhino,himpo,goat,horse,possum,raccoon,99,99,99,99,99,99,99,99,99, , , , , , , 
200,dogs,cats,cows,ducks,monkeys,elephants,giraffes,zebra,horses,fish,birds,dinosours,turtles,alligators,spiders,flys,moths,owls,squirrles,geese,99,99,99,99,99,99,99,99, , , , , , , 
202,giraffe,koala bear,snake,spider,ants,roaches,birds,worms,mosquitoes,monkeys,zebra,cheetah,bull,horse,shark,99,99,99,99,99,99,99,99,99,99,99,99,99, , , , , , , 
203,penguin,girafe,lion,tiger,bear,bird,monkey,fish,alligator,elephant,chimpanze,flamingo,shark,whale,99,99,99,99,99,99,99,99,99,99,99,99,99,99, , , , , , , 
205,lion,monkey,dog,lion,tiger,leopard,snake,frog,giraffe,donkey,horse,fish,99,99,99,99,99,99,99,99,99,99,99,99,99,99,99,99, , , , , , , 
206,dog,cat,mouse,rabbit,deer,elephant,rhino,giraffe,seagul,eagle,bear,tiger,lion,zebra,bat,hyena,seal,99,99,99,99,99,99,99,99,99,99,99, , , , , , , 
207,lemur,ape,dog,cat,monkey,giraffe,lion,tigers,bear,snake,dophin,fish,crab,shrimp,tuna,squirrel,racoon,cock roach,ant,bee,hamster,pig,horse,cow,bunny,99,99,99, , , , , , , 
208,dogs,cats,fish,panda,koala bear,monkey,lion,tiger,cheetah,owl,mouse,giraffe,dolphin,whale,shark,99,99,99,99,99,99,99,99,99,99,99,99,99, , , , , , , 
209,dog,cat,giraffe,octopus,panda,bird,fish,horse,cow,parrot,donkey,cheetah,sheep,leopard,monkey,ape,gorilla,99,99,99,99,99,99,99,99,99,99,99, , , , , , , 
210,giraffe,dog,cat,lion,beaver,skunk,monkey,pig,owl,horse,frog,zebra,leopard,fish,gorilla,elephant,duck,turkey,cow,shark,teranchilla,koala,99,99,99,99,99,99, , , , , , , 
211,dog,cat,horse,bird,fish,shark,rhino,hippo,llama,moose,goose,rat,hampster,deer,elephant,snake,turtles,monkey,99,99,99,99,99,99,99,99,99,99, , , , , , , 
213,giraffe,dog,cat,fish,dolphin,shark,turtle,whale,bear,penguin,seal,99,99,99,99,99,99,99,99,99,99,99,99,99,99,99,99,99, , , , , , , 
214,dog,cat,elephant,chipmonk,tiger,cheetah,horse,monkey,Champanzi,99,99,99,99,99,99,99,99,99,99,99,99,99,99,99,99,99,99,99, , , , , , , 
215,cat,dog,rabbit,squirel,bear,lion,tiger,flamingo,bird,fly,sheep,99,99,99,99,99,99,99,99,99,99,99,99,99,99,99,99,99, , , , , , , 
217,cats,dogs,fish,giraffe,elephant,monkey,lizard,frog,snake,rabbit,bird,cheetah,deer,skunk,bear,99,99,99,99,99,99,99,99,99,99,99,99,99, , , , , , , 
218,Butterfly,Mosquito,Mountain Lion,Tiger,Cat,Dog,Trout,Large-mouth Bass,Small-mouth Bass,White-tailed Deer,Flying Squirrel,99,99,99,99,99,99,99,99,99,99,99,99,99,99,99,99,99, , , , , , , 
219,dog,cat,cow,ant,bull,horse,piny,pony,bird,chicken,rooster,hen,goat,pig,whale,fish,99,99,99,99,99,99,99,99,99,99,99,99, , , , , , , 
221,cat,dog,mouse,rat,gerbil,fish,tiger,lion,bear,lizard,snake,ape,giraff,elephant,chimpazee,parrot,hermit crab,whale,99,99,99,99,99,99,99,99,99,99, , , , , , , 
222,cat,dog,cheetah,seal,fish,bird,bear,beaver,pig,chicken,goat,cow,sheep,lamb,donkey,lion,tiger,99,99,99,99,99,99,99,99,99,99,99, , , , , , , 
224,dog,cat,mouse,monkey,fish,rabbitt,snake,giraffe,panda,black bear,koala,kangaroo,elephant,99,99,99,99,99,99,99,99,99,99,99,99,99,99,99, , , , , , , 
225,bird,cat,dog,flamingo,bee,frog,turtle,fish,sting ray,shark,jelly fish,crab,bunny,racoon,99,99,99,99,99,99,99,99,99,99,99,99,99,99, , , , , , , 
226,dog,cat,lion,tiger,raccoon,coyote,wolf,beaver,moose,caribou,platypus,lemurs,giraffe,zebra,parrot,seal,99,99,99,99,99,99,99,99,99,99,99,99, , , , , , , 
227,dog,cat,lizard,shark,bear,goat,llama,hamster,fox,turkey,pig,bird,cow,99,99,99,99,99,99,99,99,99,99,99,99,99,99,99, , , , , , , 
228,cow,chicken,dog,cat,fish,lion,leopard,elephant,rhino,giraffe,lizard,spider,mouse,99,99,99,99,99,99,99,99,99,99,99,99,99,99,99, , , , , , , 
229,snake,pig,dog,cat,zebra,giraffe,armadillo,frog,ant,roach,tiger,lion,elephant,crocodile,fish,hamster,99,99,99,99,99,99,99,99,99,99,99,99, , , , , , , 
230,cat,dog,parrot,bird,ant,mouse,lion,tiger,panda,fish,squirrel,monkey,roach,99,99,99,99,99,99,99,99,99,99,99,99,99,99,99, , , , , , , 
231,rabbit,monkey,dog,goat,fish,bear,panda bear,bear cat,groundhog,gopher,deer,cardinal,wildabeast,caribou,buffalo,cow,pig,chicken,lizard,99,99,99,99,99,99,99,99,99, , , , , , , 
232,dog,cat,mouse,elephant,bird,turtle,tortoise,shark,jellyfish,clam,oyster,shrimp,crabs,lobster,cow,horse,sheep,ram,boar,pig,cheetah,lion,panther,cougar,platypus,giraffe,99,99, , , , , , , 
233,dog,cat,horse,frog,mouse,snake,zebra,lion,bird,skunk,boar,pig,deer,elk,possom,99,99,99,99,99,99,99,99,99,99,99,99,99, , , , , , , 
234,giraffe,elephant,monkey,cat,dog,squriel,hippo,zebra,lion,tiger,bear,bird,bobcat,deer,fox,wolf,fish,roadrunner,99,99,99,99,99,99,99,99,99,99, , , , , , , 
235,dog,cat,elephant,giraffe,zebra,sugar glider,mouse,hamster,fish,monkey,bird,ferrett,rabbit,fox,bear,lion,tiger,groundhog,99,99,99,99,99,99,99,99,99,99, , , , , , , 
236,dog,cat,squirrel,guinea pig,rat,snack,snake,deer,goose,fish,octopus,jelly fish,raccoon,monkey,girrafe,baboon,whale,alligator,99,99,99,99,99,99,99,99,99,99, , , , , , , 
237,Dog,Cat,Panda,Pig,Cow,Bear,Flamingo,Horse,Bunny,Rat,Snake,Groundhog,Hedgehog,Wolf,Lion,Deer,Squirrel,99,99,99,99,99,99,99,99,99,99,99, , , , , , , 
238,Whale,Goldfish,Bass,Cat,Lion,Tiger,Bear,Chetah,Dog,Fox,Hound,Clown Fish,Shark,Seal,Turtle,Cobra,Rattle Snake,Monkey,Ape,Kangaroo,99,99,99,99,99,99,99,99, , , , , , , 
239,dogs,cats,frogs,lizards,cows,beaver,deer,turtle,snake,fish,crab,monkey,99,99,99,99,99,99,99,99,99,99,99,99,99,99,99,99, , , , , , , 
240,pigs,dogs,cats,tiger,koala,girafee,elephant,squirrel,rabbit,deer,bear,hampster,boar,bird,elk,99,99,99,99,99,99,99,99,99,99,99,99,99, , , , , , , 
241,cat,dog,horse,sea lion,turtle,frog,tiger,bear,bird,camel,giraffe,scorpion,monkey,elephant,kangaroo,koalo,99,99,99,99,99,99,99,99,99,99,99,99, , , , , , , 
243,bear,dog,cat,fish,giraffe,hippo,monkey,elephant,lizazrd,emu,kiwi,bird,snake,99,99,99,99,99,99,99,99,99,99,99,99,99,99,99, , , , , , , 
244,lion,tiger,bear,dog,cat,monkey,penguin,flamingo,raccoon,squirrel,lizard,snake,gerbil,hamster,rabbit,hare,turtle,fish,elephant,giraffe,pig,turkey,chicken,99,99,99,99,99, , , , , , , 
245,dog,cat,bear,lion,ape,monkey,giraffe,skunk,wolf,fox,leapord,cheetah,gazelle,hippopatamos,toad,snake,bird,eagle,roach,deer,99,99,99,99,99,99,99,99, , , , , , , 
246,dog,cat,zebra,garafi,rabbit,snake,bird,lion,tiger,hamster,flamingo,bear,polar bear,99,99,99,99,99,99,99,99,99,99,99,99,99,99,99, , , , , , , 
247,Giraffe,Dog,Cat,Mouse,Elephant,Seal,Bear,Pig,Horse,Cow,Bird,Deer,Racoon,Zebra,Monkey,99,99,99,99,99,99,99,99,99,99,99,99,99, , , , , , , 
248,cat,dog,tiger,cheetah,lion,goat,deer,possom,cow,giraffe,bull,zebra,fish,whale,shark,dolphin,99,99,99,99,99,99,99,99,99,99,99,99, , , , , , , 
249,dog,cat,big,cow,chicken,moose,monkey,elefant,cammel,snack,ant,deer,rabbit,ferret,bird,bee,butterfly,99,99,99,99,99,99,99,99,99,99,99, , , , , , , 
250,cat,dog,zebra,monkey,fish,bird,groundhog,parrot,bear,bee,spider,butterfly,unicorn,horse,lizard,dinosaur,girrafe,elephant,whale,alligator,koala,panda,99,99,99,99,99,99, , , , , , , 
251,dog,cat,mouse,tiger,lion,zebra,giraffe,grasshopper,fly,snake,frog,baboon,liger,cheetah,elephant,horse,pony,99,99,99,99,99,99,99,99,99,99,99, , , , , , , 
252,pig,cow,horse,duck,dog,cat,squrill,moose,snake,lizzards,spider,grasshopper,chicken,turkey,aligator,shark,dolphin,99,99,99,99,99,99,99,99,99,99,99, , , , , , , 
254,dog,cat,giraffe,cow,pig,rhino,tiger,jaquar,penquin,monkey,baboon,bird,anteloupe,anteater,polar bear,grizzly bear,lizard,snake,hamster,turtle,frog,zebra,99,99,99,99,99,99, , , , , , , 
255,ardvark,platypus,dog,cat,bat,ant,fish,bird,seal,elephant,horse,donkey,sheep,goat,turtle,snake,frog,gorilla,lion,tiger,99,99,99,99,99,99,99,99, , , , , , , 
256,monkey,dog,cat,fish,mouse,rat,lion,tiger,seagull,dolphin,bird,whale,shark,turtle,jelly fish,hamster,frog,rabbit,cow,sheep,bull,pig,lamp,turkey,chicken,hen,99,99, , , , , , , 
257,Dog,Pig,Cow,Turtle,zerbra,monkey,sheep,bird,dinosaur,hippo,snake,lepard,catamount,lion,tiger,bat,owl,toucan,falcon,blad eagle,goat,99,99,99,99,99,99,99, , , , , , , 
258,cat,dog,bird,monkey,giraffe,zebra,horse,platypus,kitten,lion,cheetah,jaguar,moose,deer,elephant,99,99,99,99,99,99,99,99,99,99,99,99,99, , , , , , , 
259,Iguana,Chimpanzee,Mario,Cat,Dog,Mouse,Your mom,monkey,dragon,centaur,mink,koala,kangaroo,panda,lemur,rat,women,99,99,99,99,99,99,99,99,99,99,99, , , , , , , 
260,cat,dog,hamster,snake,monkey,bird,gorilla,donkey,horse,zebra,lion,deer,muskrat,beaver,fox,coyote,rat,squirrel,fosh,99,99,99,99,99,99,99,99,99, , , , , , , 
261,cat,dog,fish,bird,zibra,kowala,donkey,lion,scorpian,shark,snake,lizard,pingwin,99,99,99,99,99,99,99,99,99,99,99,99,99,99,99, , , , , , , 
262,dog,cat,bunny,bird,elephant,turtule,rino,moose,dolphin,shark,fish,cow,pig,hamster,chicken,duck,penguin,whale,donkey,spider,99,99,99,99,99,99,99,99, , , , , , , 
263,cow,dog,cat,bear,lion,tiger,elephant,mice,horse,giraffe,monkey,bird,bull,rhino,99,99,99,99,99,99,99,99,99,99,99,99,99,99, , , , , , , 
264,dog,cat,mouse,rabbit,kangaroo,lion,bear,tiger,elephant,zebra,lemer,parrot,lizard,iguana,bird,monkey,99,99,99,99,99,99,99,99,99,99,99,99, , , , , , , 
265,cat,dog,rabbit,bird,giraffe,zebra,lion,tiger,bear,fish,crocodile,mouse,kangaroo,monkey,shark,dolphin,99,99,99,99,99,99,99,99,99,99,99,99, , , , , , , 
266,cat,dog,monkey,lion,tiger,snake,elephant,giraffe,penguin,koala,polar bear,duck,cow,horse,chicken,mouse,rat,parrot,snail,whale,fish,dolphin,seal,panda,99,99,99,99, , , , , , , 
267,giraffe,hippo,monkey,dog,cat,duck,pic,pig,cow,chicken,goat,lamb,lion,cheetah,zebra,bird,eagle,elephant,cat,hamster,rat,snake,bunny,99,99,99,99,99, , , , , , , 
268,snake,dog,lion,bear,fish,pig,horse,cat,inguana,more cats,mice,rats,lobster,crab,whale,cane,99,99,99,99,99,99,99,99,99,99,99,99, , , , , , , 
270,dog,cat,zerbra,fish,rat,mouse,girraffe,bear,monkey,gorilla,lion,tiger,babon,bunny,hedgehog,99,99,99,99,99,99,99,99,99,99,99,99,99, , , , , , , 
271,dog,cat,fish,bunny,parrot,flamingo,octopus,squirrel,farret,kitten,tiger,cheetah,monkey,panther,leopard,bear,seal,99,99,99,99,99,99,99,99,99,99,99, , , , , , , 
272,cat,dog,fish,bear,ant,girrage,gorilla,monkey,zebra,donkey,ig,pig,hippo,rat,goose,duck,bird,bat,roach,koal,kola,99,99,99,99,99,99,99, , , , , , , 
273,Deer,Dog,Cat,Dinosaur,Turtle,Bird,Meerkat,Giraffe,Elephant,Squirrel,Frog,Fish,Shark,Whale,Coral,Goldfish,Seagull,Cow,Pig,Lamb,Sheep,Goat,Horse,Pony,99,99,99,99, , , , , , , 
274,Sheep,Goat,Chicken,Cow,Donkey,Horse,Pig,Dog,Cat,Rabbit,Hamster,Guinea Pig,Hedge Hog,Squirrel,Frog,Fish,Deer,Dove,Raccoon,Oppossum,Monkey,Zebra,Lion,Elk,Moose,Hippo,Rhino,99, , , , , , , 
275,dog,cat,bear,bee,ant,fox,chicken,pig,cow,goose,eagle,bluebird,robin,duck,mouse,fly,fuitfly,panther,bull,moose,99,99,99,99,99,99,99,99, , , , , , , 
277,dog,cat,fish,tiger,gorrilla,tiger,tiger,lion,water bear,worms,ants,bees,wolf,rat,mouse,racoon,deer,fox,possium,horse,buffilo,99,99,99,99,99,99,99, , , , , , , 
278,tiger,lion,bear,egale,cow,dog,cat,whale,fish,monkey,shark,gorrilla,bird,hawk,99,99,99,99,99,99,99,99,99,99,99,99,99,99, , , , , , , 
279,cat,dog,horse,pig,rooster,mouse,moose,shark,snake,turtle,tortoise,bird,eagle,racoon,rat,fox,wolf,octopus,crow,rabbit,deer,99,99,99,99,99,99,99, , , , , , , 
280,dog,cat,pig,cow,goat,llama,lamb,horse,chicken,parrot,goose,duck,eagle,heron,bird,crow,hamster,ferret,snake,fish,lizard,99,99,99,99,99,99,99, , , , , , , 
282,bired,birds,dogs,cats,hampsters,ferrets,rabbits,spiders,koalas,bears,mice,lizards,frogs,99,99,99,99,99,99,99,99,99,99,99,99,99,99,99, , , , , , , 
283,monkey,gorilla,chipmunk,cat,dog,mice,turtle,bear,dear,giraffe,elephant,bird,fox,cow,horse,anteater,ape,99,99,99,99,99,99,99,99,99,99,99, , , , , , , 
284,dog,cat,bird,fish,koala,monkey,bear,mouse,moose,ferrett,hamster,elephant,giraffe,lizard,snake,shakr,horse,99,99,99,99,99,99,99,99,99,99,99, , , , , , , 
285,giraffe,lion,dog,tiger,bear,rabbit,alligator,turtle,bird,cat,hamster,pig,cow,chicken,goose,moose,deer,elk,penguin,seal,monkey,99,99,99,99,99,99,99, , , , , , , 
286,dog,cat,horse,mouse,bird,goat,sheep,cow,moose,mice,hamster,chinchilla,zebra,99,99,99,99,99,99,99,99,99,99,99,99,99,99,99, , , , , , , 
287,cat,dog,bird,whale,snake,spider,ant,fish,lion,tiger,bear,dolphin,axelltol,penguin,puffin,elephant,worms,bass,fly,99,99,99,99,99,99,99,99,99, , , , , , , 
288,dog,cat,seal,seagul,dolphin,alligator,ant,fly,mamma,polar bear,monkey,lion,tiger,bird,cheeta,lagoon,antelope,ostrich,otters,flamingo,ant eater,99,99,99,99,99,99,99, , , , , , , 
289,dog,cat,bird,reptile,snake,chicken,lizard,goose,monkey,snail,caterpilar,rabbit,duck,99,99,99,99,99,99,99,99,99,99,99,99,99,99,99, , , , , , , 
290,dog,cat,dolphin,mouse,elephant,gerbil,rat,whale,shark,fish,bird,snake,frog,rabbit,fox,tarantula,deer,elk,moose,lion,tiger,bear,rhinoceos,zebra,giraffe,camel,99,99, , , , , , , 
291,cow,sheep,dog,bird,lovebird,snake,spider,fish,dolphin,shark,tiger,kangaroo,pig,chicken,rooster,lizard,toucan,pelican,flamingo,turkey,zebra,giraffe,monkey,baboon,chinchila,armadillo,99,99, , , , , , , 
292,cat,dog,owl,bird,lizard,pig,horse,cow,chicken,wolf,deer,bison,tazmanian deval,chita,chimp,lion,zibra,giraffe,gorilla,atalope,elephant,rhino,buffilo,water buffilo,monkey,snake,99,99, , , , , , , 
293,dog,cat,rat,rabbit,elephant,tiger,lion,chimpanzee,snail,snake,whale,mouse,fish,bird,crab,lobster,clam,seal,monkey,99,99,99,99,99,99,99,99,99, , , , , , , 
298,dog,cat,horse,iguanna,turtle,gecko,bird,jaguar,leopard,foc,bear,fish,99,99,99,99,99,99,99,99,99,99,99,99,99,99,99,99, , , , , , , 
300,dogs,cats,bears,lions,tigers,fish,guniea pig,koala bears,99,99,99,99,99,99,99,99,99,99,99,99,99,99,99,99,99,99,99,99, , , , , , , 
301,lions,tigers,bears,deer,goose,zebra,cat,dog,hippo,snake,lizard,mountain lion,bobcat,chipanze,ape,jaguar,panther,crow,pigeon,99,99,99,99,99,99,99,99,99, , , , , , , 
302,hourse,dog,cat,mouse,sloth,pig,cow,deer,hedgehog,alligator,turtle,fish,bird,cheetah,lion,frog,duck,elephant,giraffe,owl,99,99,99,99,99,99,99,99, , , , , , , 
307,dog,cat,mouse,elephant,rhino,shark,fish,bird,bluebird,mockingjay,swallow,monkey,gorilla,whale,killer whale,penguin,polar bear,panda,red panda,butterfly,fly,bee,honet,ladybug,99,99,99,99, , , , , , , 
308,dog,cat,horse,sheep,bunny,lion,tiger,bear,fish,elephant,rhino,turtle,snakes,jaguar,leopard,99,99,99,99,99,99,99,99,99,99,99,99,99, , , , , , , 
309,lion,tiger,zebra,elephant,llama,dog,cat,horse,pig,duck,goose,bird,fish,frog,camel,lizard,tiger,racoon,squirell,99,99,99,99,99,99,99,99,99, , , , , , , 
310,bird,cat,dog,fish,hamster,rabbit,horse,cow,insects,pigs,sheep,goats,butterfly,bumblebee,spiders,bears,giraffes,lions,polar bears,penguins,99,99,99,99,99,99,99,99, , , , , , , 
311,cat,dog,elephant,tiger,lion,giraffe,cow,pig,chicken,hamster,rabbit,ox,mule,mammoth,bird,human,cheetah,ocelot,wildebeast,monkey,ape,chimp,lizard,99,99,99,99,99, , , , , , , 
312,giraffe,kangaroo,lion,deer,eagle,cardinal,humminbird,roach,caterpillar,butterfly,snake,rooster,hamster,sheep,rabbit,dragon,rat,dog,moose,cat,mouse,reindeer,unicorn,wolf,emu,99,99,99,99,99,99,99,99,99,99
313,cat,horse,dog,anteater,llama,pig,geaniu pig,tiger,ocelot,lions,zebras,parrots,sloths,mice,bears,ducks,99,99,99,99,99,99,99,99,99,99,99,99,99,99,99,99,99,99,99
314,ant,aardvark,kangaroo,echidna,platypus,cat,dog,weasel,badger,snake,bear,camel,koala,lemur,chimpanzee,bonobo,gorilla,llama,alpaca,boar,squirrel,lion,tiger,jaguar,99,99,99,99,99,99,99,99,99,99,99
315,Dog,Cat,Mouse,Human,Chimp,Ape,Gorilla,Spider,Mosquito,Deer,Bear,Eagle,Falcon,Hawk,Seagull,Whle,Dolphin,Shark,Seal,Otter,Ladybug,Grasshoper,Kangaroo,99,99,99,99,99,99,99,99,99,99,99,99
317,dog,cat,fish,crocodile,aligator,shark,dolphi,horse,mouse,hamster,snake,ferret,ostrich,leopard,lion,monkey,gorilla,chimp,99,99,99,99,99,99,99,99,99,99,99,99,99,99,99,99,99
318,dog,cat,fish,ape,chimp,lion,tiger,bear,leopard,elephant,penguin,panda,monkey,ferret,squirrel,ibis,yak,zebra,giraffe,whale,99,99,99,99,99,99,99,99,99,99,99,99,99,99,99
319,dog,cat,monkey,lion,worms,birds,hippopotamus,fish,pelican,dinosaurs,snakes,gorilla,99,99,99,99,99,99,99,99,99,99,99,99,99,99,99,99,99,99,99,99,99,99,99
320,ostrich,dog,taranchula,flamingo,monkey,lion,cat,fish,camel,goat,chicken,elephant,squirrel,bird,snake,komodo dragon,cheetah,wolf,fox,rat,ferret,hamster,99,99,99,99,99,99,99,99,99,99,99,99,99
321,Cat,Dog,Mouse,Pig,Chicken,Bird,Eagle,Hippopotamus,Elephant,Seal,Penguin,Otter,Fish,Whale,Shrimp,Kitten,Puppy,Hamster,Rat,Snake,Gerbil,99,99,99,99,99,99,99,99,99,99,99,99,99,99
322,dog,cat,possom,wolf,bear,tiger,panther,crow,eagle,elephant,zebra,horse,camel,lion,hippo,fish,shark,whale,bat,99,99,99,99,99,99,99,99,99,99,99,99,99,99,99,99
324,frog,cat,goat,dog,mouse,fish,monkey,ape,rhino,buffallo,chicken,rooster,99,99,99,99,99,99,99,99,99,99,99,99,99,99,99,99,99,99,99,99,99,99,99
325,cat,dog,horse,giraffe,elephant,tiger,lion,panther,parrot,parakeet,hamster,guinea pig,ferret,beta fish,frog,lizard,snake,turtle,monkey,whale,shark,squirrel,99,99,99,99,99,99,99,99,99,99,99,99,99
327,bird,cat,dog,lion,turtle,quail,turkey,bat,owl,fish,shark,octopus,squid,jellyfish,crab,squirell,possum,rabbit,snake,lizard,fox,wolf,phoenix,99,99,99,99,99,99,99,99,99,99,99,99
328,cat,fish,dog,rabbit,hamster,lizard,snake,spider,bird,quail,lion,girraffe,hippo,alligator,sea urchin,sea sponge,99,99,99,99,99,99,99,99,99,99,99,99,99,99,99,99,99,99,99
329,snake,cat,dog,fish,shark,tiger,bird,llama,octapus,monkey\,lion,elephant,amardillo,lizard,squirrel,deer,owl,99,99,99,99,99,99,99,99,99,99,99,99,99,99,99,99,99,99
331,cat,giraffe,hedgehog,bear,deer,camel,zebra,horse,pig,lion,monkey,ape,rhine,chicken,turkey,fish,dog,99,99,99,99,99,99,99,99,99,99,99,99,99,99,99,99,99,99
332,Cat,Dog,Fish,Rabbit,ELephant,Giraffe,Monkey,Zebra,Kangaroo,Moose,Leopard,Tiger,Dolphin,Shark,Bird,Fox,99,99,99,99,99,99,99,99,99,99,99,99,99,99,99,99,99,99,99
333,Beagle,Doberman,Boxer,Cat,Pit Bull,Cow,Buffulo,horse,llama,emu,ostrich,alpaca,pig,goat,golden retriever,labrador,99,99,99,99,99,99,99,99,99,99,99,99,99,99,99,99,99,99,99
334,giraffe,lion,cat,dog,bird,tiger,horse,pig,cow,goat,sheep,llama,bear,alligator,turtle,fish,99,99,99,99,99,99,99,99,99,99,99,99,99,99,99,99,99,99,99
335,dog,cat,tiger,lion,wolf,bird,whale,fish,frog,lizard,snake,squirell,badger,hamster,spider,99,99,99,99,99,99,99,99,99,99,99,99,99,99,99,99,99,99,99,99
336,cat,dog,cow,horse,chicken,rooster,marmoset,giraffe,elephant,rhino,hippo,kangaroo,frog,toad,rabbit,whale,dolphin,fish,starfish,monkey,ape,gorilla,chimp,anemone,99,99,99,99,99,99,99,99,99,99,99
337,dog,cat,kiwi,panda,bear,polar bear,cow,ox,buffel,horse,snake,mouse,rat,rabbit,goat,shark,dolphin,goldfish,catfish,starfish,zebra,reindeer,99,99,99,99,99,99,99,99,99,99,99,99,99
338,Cat,dog,tiger,snake,hippo,bear,rabbit,bird,possom,raccon,aligator,99,99,99,99,99,99,99,99,99,99,99,99,99,99,99,99,99,99,99,99,99,99,99,99
340,walrus,eagle,squid,panda,bear,dog,cat,mouse,frog,rat,hamster,bunny,coyote,dingo,roadrunner,cricket,pic,pig,horse,cow,lion,zebra,cobra,crocodile,alligator,dolphin,orca,seal,elephant,monkey,gorilla,hippo,rhino,gazelle,antelope
341,panda,giraffe,tiger,bear,lion,snake,bird,pig,elephant,emu,zebra,fox,cat,dog,fish,rabbit,gerbial,hamster,duck,goose,mouse,rat,sloth,99,99,99,99,99,99,99,99,99,99,99,99
342,cat,dog,mouse,rabbit,horse,alligator,giraffe,cow,pig,lotus,lady bug,human,hamster,bunny,lice,Getcho (sp),monkey,ape,99,99,99,99,99,99,99,99,99,99,99,99,99,99,99,99,99
343,Cat,dog,elephant,ant,dragon fly,fly,midge,worm,clam,sponge,starfish,rat,mouse,frog,lizzard,99,99,99,99,99,99,99,99,99,99,99,99,99,99,99,99,99,99,99,99
344,zebra,cheetah,dog,cat,leopard,elephant,whale shark,elephant,hippo,rhinocerous,lemur,orangutan,bonobo,chimp,rhesus,macaque,priarie dog,ferret,antelope,jaguar,mountain lion,tiger,elk,moose,bear,polar,panda,red panda,fish,99,99,99,99,99,99
345,panda,zebra,penguin,lion,tiger,bear,raven,crow,elephant,monkey,chimpanzee,cow,moose,yak,camel,llama,toad,frog,pig,cheetah,gazel,deer,shark,dolphin,99,99,99,99,99,99,99,99,99,99,99
346,horse,cow,cat,dog,goat,rabbit,elephant,zebra,chicken,hippo,giraffe,deer,bird,lion,99,99,99,99,99,99,99,99,99,99,99,99,99,99,99,99,99,99,99,99,99
347,aardvark,cat,dog,pig,cow,goat,moose,snake,crocodile,alligator,eagle,goose,duck,prnguin,cougar,jaguar,lion,ape,chimp,goilla,rat,99,99,99,99,99,99,99,99,99,99,99,99,99,99
348,elephant,cat,lion,dolphin,fish,cow,chicken,bird,pig,whale,turtle,dog,fox,tiger,panther,raven,99,99,99,99,99,99,99,99,99,99,99,99,99,99,99,99,99,99,99
349,cat,dog,worm,lion,cricket,spider,mouse,rat,squirrel,chimp,gorilla,baboon,giraffe,rhino,tiger,black bear,brown bear,99,99,99,99,99,99,99,99,99,99,99,99,99,99,99,99,99,99
350,dog,cat,birf,turtle,cow,horse,peacock,pig,chicken,fish,toad,frog,deer,mouse,spider,alligator,crocodile,99,99,99,99,99,99,99,99,99,99,99,99,99,99,99,99,99,99
351,lion,tiger,bear,cat,cow,mouse,horse,ant,anteater,antelope,giraffe,elephant,zebra,dog,wolf,chimpanzee,armadillo,grasshopper,snake,bird,fish,racoon,possum,lizard,99,99,99,99,99,99,99,99,99,99,99
352,lion,tiger,bear,cat,cow,mouse,horse,ant,anteater,antelope,giraffe,elephant,zebra,dog,wolf,chimpanzee,armadillo,grasshopper,snake,bird,fish,racoon,possum,lizard,99,99,99,99,99,99,99,99,99,99,99
353,cat,fish,dog,zebra,lion,goat,gazelle,elephant,bird,mouse,bunny,bear,bat,vulture,canary,flamingo,meerkat,kangaroo,99,99,99,99,99,99,99,99,99,99,99,99,99,99,99,99,99
354,cow,pig,moose,horse,crocodile,pigeon,cat,dog,parrot,frog,snake,fish,shark,spider,giraffe,rhino,tiger,lion,antelope,walrus,seal,polar bear,99,99,99,99,99,99,99,99,99,99,99,99,99
355,platapus,elephant,rhino,donkey,dog,fox,fish,parrott,orangutan,chimp,penguin,antelope,lion,tiger,99,99,99,99,99,99,99,99,99,99,99,99,99,99,99,99,99,99,99,99,99
356,horse,cow,chicken,duck,dog,cat,goal,llama,fish,lion,tiger,bear,zebra,croc,otter,shrimp,whale,snake,turkey,leemer,ape,99,99,99,99,99,99,99,99,99,99,99,99,99,99
357,fox,rabbit,bear,dog,fish,bird,scorpion,armadillo,newt,lizard,skink,skunk,horse,zebra,lion,gazelle,rhino,elephant,pygmy goat,cow,chicken,goose,duck,parakeet,hamster,rat,mouse,fish,99,99,99,99,99,99,99
358,cats,dogs,bears,elephants,penguins,polar bears,jackrabbits,squirrels,lizards,frogs,toads,birds,bats,mice,rats,guinea pigs,hamsters,sloth,tiger,cheetah,99,99,99,99,99,99,99,99,99,99,99,99,99,99,99
359,bee,grasshopper,elephant,dog,cat,mouse,rat,rabbit,crow,sea lion,worm,wasp,bear,eagle,chicken,pig,horse,cow,zebra,spider,snake,99,99,99,99,99,99,99,99,99,99,99,99,99,99
361,giraffe,cardinal,eagle,snake,benterong,lizard,owl,sugar glidder,marmoset,kangaroo,angel fish,bush baby,zebra,raccoon,moose,deer mouse,ground hog,salamander,99,99,99,99,99,99,99,99,99,99,99,99,99,99,99,99,99
362,ardvark,anteater,giraffe,crocodile,dog,cat,hamster,llama,alpaca,came,camel*,bird,bear,monkey,koala,kangaroo,elephant,rhino,snake,99,99,99,99,99,99,99,99,99,99,99,99,99,99,99,99
363,dog,cat,elephant,giraffe,lion,tiger,bear,moose,deer,goose,ant,ant eater,toocan,fish,shark,eagel,spider,99,99,99,99,99,99,99,99,99,99,99,99,99,99,99,99,99,99
364,Dog,Cat,Owl,Fish,Shark,Tiger,Lion,Bear,Jaguar,Snake,Boar,Penguin,Zebra,Hippo,Giraffe,Emu,Raccon,Badger,Nighthawk,Ram,Hornet,Wildcat,99,99,99,99,99,99,99,99,99,99,99,99,99
365,giraffe,elephant,ant,tiger,monkey,kangaroo,ladybug,plaltipus,dog,cat,whale,fish,shark,hare,beetle,flies,gnat,wildcat,lion,deer,panther,99,99,99,99,99,99,99,99,99,99,99,99,99,99
366,dog,cat,rat,mouse,horse,cow,lamb,goat,lion,tiger,elephant,koala,hippo,bat,fish,walrus,bee,bird,bobcat,deer,99,99,99,99,99,99,99,99,99,99,99,99,99,99,99
367,dog,giraffe,zebra,cat,bird,alligator,crocidle,snake,worm,cricket,fly,lion,tiger,bear,flea,hamster,rat,lady bug,jaguar,squirrel,duck,ostrich,99,99,99,99,99,99,99,99,99,99,99,99,99
368,dog,cat,horse,fish,snake,elephant,deer,cow,camel,donkey,mouse,rat,wolf,bear,lizard,frog,bird,owl,99,99,99,99,99,99,99,99,99,99,99,99,99,99,99,99,99
369,cat,cow,dog,manatee,beaver,otter,fish,platypus,octopus,squid,shark,sting ray,squirrel,deer,elk,bison,praying mantis,butterfly,bird,lizard,mouse,manster,***hamster,owl,99,99,99,99,99,99,99,99,99,99,99
370,cat,dog,llama,elephant,monkey,cow,sheep,pig,hog,chicken,bird,lepoard,cheeta,polar bear,penguin,duck,mouse,gerbil,hampster,platapus,kangaroo,koala,ant eater,99,99,99,99,99,99,99,99,99,99,99,99
371,penguin,dog,cat,bear,mouse,lion,otter,cow,pig,duck,sheep,snak,snail,lizard,rhinocerous,elephant,zebra,tiger,eagle,parrot,canary,pigeon,butterfly,99,99,99,99,99,99,99,99,99,99,99,99
373,Lion,Tiger,bear,koala,jaguar,coyote,duck,racoon,possum,squirrel,monkey,zebra,boar,lemur,99,99,99,99,99,99,99,99,99,99,99,99,99,99,99,99,99,99,99,99,99
374,fish,frog,horse,dolphin,dog,cat,barracuda,antelope,lion,tiger,bear,pigeon,hawk,eagle,monkey,elephant,girraffe,pig,goat,cow,bull,wolf,osprey,99,99,99,99,99,99,99,99,99,99,99,99
376,chinchilla,hamster,dog,cat,elephant,giraffe,frog,snake,lizard,bird,parrot,squerrel,dik dik,capybara,deer,bear,owl,crocodile,caymen,egret,mosquito,99,99,99,99,99,99,99,99,99,99,99,99,99,99
378,cat,dog,elephant,tiger,lion,moose,cow,horse,pig,chicken,leapard,panther,mammoth,pteridactly,99,99,99,99,99,99,99,99,99,99,99,99,99,99,99,99,99,99,99,99,99
379,zebra,turtle,lion,tiger,bear,penguin,lobster,fish,cow,pig,horse,cat,dog,lizard,gecko,goose,turkey,chicken,duck,quail,kangaroo,deer,elk,moose,99,99,99,99,99,99,99,99,99,99,99
380,rat,cat,squirell,dog,mouse,hippo,elephant,koala,beaver,snake,wolf,cow,giraffe,turtle,suqid,whale,shark,dolphin,octopus,deer,skunk,99,99,99,99,99,99,99,99,99,99,99,99,99,99
381,bever,elephant seal,zebra,dog,cat,mouse,moose,duck,hin,horse,cow,pig,goat,osrich,kangaroo,penguin,polar bear,99,99,99,99,99,99,99,99,99,99,99,99,99,99,99,99,99,99
382,dog,cat,snake,mouse,rat,bird,monkey,giraffe,fish,ferret,guina pig,quirrel,racoon,elephant,pelican,zebra,cobra,lion,pig,turkey,chicken,cow,99,99,99,99,99,99,99,99,99,99,99,99,99
383,dog,cat,pig,horse,goat,sheep,fly,turtle,fish,whale,dolphin,bear,tiger,lion,cheetah,duck,goose,blue jay,shark,tiger shark,centipede,99,99,99,99,99,99,99,99,99,99,99,99,99,99
384,lion,tiger,bear,cat,monkey,zebra,giraffe,koala,centipede,sloth,kangaroo,elephant,liger,frog,fish,shark,dolphin,snake,crocodile,aligator,boar,tapeworm,99,99,99,99,99,99,99,99,99,99,99,99,99
386,caribou,parrot,penguin,lion,tiger,bear,elephant,giraffe,peacock,swan,duck,goose,snake,otter,fish,dog,cat,ferret,eagle,owl,mouse,rat,rabbit,99,99,99,99,99,99,99,99,99,99,99,99
387,elephant,fox,owl,dolphin,ape,tiger,alligator,elk,moose,starfish,shark,crab,snail,spider,dog,cat,hamster,bird,deer,99,99,99,99,99,99,99,99,99,99,99,99,99,99,99,99
389,dog,cat,ferret,kangaroo,dolphin,cardinal,sparrow,wolf,bear,deer,elk,owl,hawk,eagle,vulture,rat,mouse,99,99,99,99,99,99,99,99,99,99,99,99,99,99,99,99,99,99
390,Dog,Cat,Monkey,sloth,zebra,elephant,fish,koala,bird,lion,tiger,bear,jaguar,panther,coyote,buffalo,deer,bison,pig,cow,chicken,turkey,quail,squid,99,99,99,99,99,99,99,99,99,99,99
391,elephant,aardvark,penguin,iguana,boa constrictor,zebra,giraffe,lion,duckbilled platypus,kangaroo,pit viper,lemur,chimpanzee,poison dart frog,salamander,gecko,99,99,99,99,99,99,99,99,99,99,99,99,99,99,99,99,99,99,99
392,cat,dog,bird,tegu,fish,zebra,liion,hippo,giraffe,goat,sheep,okapi,pangolin,anteater,ferret,rabbit,snake,owl,eagle,dinosaur,kangaroo,chicken,walaby,99,99,99,99,99,99,99,99,99,99,99,99
393,dog,cat,elephant,frog,grass hopper,hippo,iguana,alligator,crocodile,narwhale,zebra,flamingo,rhino,yak,99,99,99,99,99,99,99,99,99,99,99,99,99,99,99,99,99,99,99,99,99
394,Horse,cow,cat,dog,hamster,bird,parrot,cockatoo,hippo,giraff,kangaroo,crocodile,aligator,lizard,lady bug,grass hopper,butterfly,house fly,finch,raven,macaw,parakeet,99,99,99,99,99,99,99,99,99,99,99,99,99
396,ant,elephant,dolphin,tiger,lion,bear,cat,dog,lizard,platypus,octopus,snake,fish,shark,bird,hamster,gerbil,mouse,rat,bat,whale,eagle,penguin,crab,lobster,cow,pig,99,99,99,99,99,99,99,99
398,Ant,Rabbit,Frog,Dog,Cat,Bull,Cow,anteater,ardvark,whale,shark,fish,eel,bison,antelope,lion,cheetah,jaguar,leopard,horse,pig,chicken,duck,bird,alligator,snake,99,99,99,99,99,99,99,99,99
399,dog,cat,tiger,lion,bear,elephant,giraffe\,zebra,iguana,ant,spider,monkey,chimpanzee,koala bear,panda bear,rat,squirrel,raccoon,otter,99,99,99,99,99,99,99,99,99,99,99,99,99,99,99,99
400,elephant,dog,cat,zebra,lion,mule,cow,pig,horse,tiger,llama,beetle,human,cheeta,camel,turtle,fish,jaguar,99,99,99,99,99,99,99,99,99,99,99,99,99,99,99,99,99
401,cat,dog,mouse,rabbit,zebra,panda,koala,lion,tiger,bear,giraffe,liger,sloth,bird,bat,fly,squirrel,peacock,ostrich,whale,dolphin,shark,clownfish,otter,99,99,99,99,99,99,99,99,99,99,99
402,dog,cat,owl,bird,horse,turtle,frog,quail,monkey,lizard,aligator,walrus,penguin,goat,cow,chicken,deer,lion,99,99,99,99,99,99,99,99,99,99,99,99,99,99,99,99,99
403,dog,cat,elephant,giraffe,zebra,lion,seal,tiger,panther,mouse,turtle,squirrel,bird,dolphin,whale,fish,shark,snake,rhinosaurus,99,99,99,99,99,99,99,99,99,99,99,99,99,99,99,99
404,aebra,dogfosh,dog,fish,cow,bird,ostrich,whale,dophin,owl,cat,pig,goat,sheep,lamb,mouse,rat,cheetah,lion,gator,shark,seal,frog,99,99,99,99,99,99,99,99,99,99,99,99
405,dog,cat,koala,hippo,kangaroo,elephant,giraffe,camel,monkey,rabbit,snake,fish,lemur,tiger,bear,cougar,hamster,sloth,chipmunk,hawk,squirrel,turtle,dolphin,whale,shark,manatee,99,99,99,99,99,99,99,99,99
406,cat,dog,pig,cow,monkey,ostrich,buffalo,gibbon,zebra,horse,sheep,lion,tigers,bears,gopher,chipmonk,squirrel,rabbit,snake,mouse,rat,bat,hippo,fish,99,99,99,99,99,99,99,99,99,99,99
410,dog,cat,bird,alligator,elephant,giraffe,zebra,snake,python,horse,goat,sheep,cow,pig,donkey,dragon,unicorn,lizard,skink,fish,turtle,spider,eagle,mouse,rat,99,99,99,99,99,99,99,99,99,99
411,cat,dog,pig,sheep,tiger,walrus,octopus,monkey,ant,roach,spider,snake,bee,wasp,bear,manatee,whale,frog,lizard,snail,otter,walrus,crane,dolphin,butterfly,99,99,99,99,99,99,99,99,99,99
412,dog,cat,jaguar,cheetah,elephant,giraffe,whale,lion,tiger,bear,bird,penguin,alligator,crocodile,hamster,guinea pig,snake,lady bug,koala bear,99,99,99,99,99,99,99,99,99,99,99,99,99,99,99,99
413,wolf,cat,dog,lion,panther,cougar,jaguar,mouse,ferrett,chia,lizard,mongoose,weasle,merekat (sp?,fish,dolphin,99,99,99,99,99,99,99,99,99,99,99,99,99,99,99,99,99,99,99
414,lion,cat,dog,fish,bird,goat,cow,pig,aligator,horse,sheep,pelican,bear,tiger,elephant,rhinocerous,parrot,99,99,99,99,99,99,99,99,99,99,99,99,99,99,99,99,99,99
415,dog,cat,hamster,horse,cuttlefish,shark,dolphin,chicken,snake,fish,squid,penguin,butterfly,giraffe,elephant,bird,monkey],hippo,seal,lion,tiger,bear,sloth,aardvark,snail,99,99,99,99,99,99,99,99,99,99
416,snake,rabbit,dog,cat,lion,pig,cow,donkey,horse,rabbit,mouse,rat,fish,elephant,shark,dolphin,star fish,ant,grasshopper,bird,owl,moose,lepoard,iguana,99,99,99,99,99,99,99,99,99,99,99
417,CAT,DOG,PIG,GOAT,MONKEY,SNAKE,FOX,COUGAR,LIZARD,SLOTH,MCACK,TIGER,LION,PUMA,BEAR,GRIZZLY,MANTIS,FLY,MEERCAT,TOMCAT,IGUANA,ALIGATOR,CROCODILE,99,99,99,99,99,99,99,99,99,99,99,99
418,cat,dog,fish,whale,dolphin,seal,squirrel,moose,deer,lion,tiger,llama,eel,panda,cobra,bird,eagle,bunny,groundhog,mouse,swan,duck,goose,red herring,python,killer whale,urchin,99,99,99,99,99,99,99,99
419,bison,buffalo,ant,cheetah,tiger,dog,cat,rat,mouse,elephant,giraffe,frog,fish,water mocassin,snake,zebra,ape,gorrilla,marmoset,alligator,99,99,99,99,99,99,99,99,99,99,99,99,99,99,99
420,ox,ostrich,elephant,bear,bee,antelope,anteater,alligator,cat,dog,fox,goat,giraffe,baboon,hyena,jackolope,cheetah,99,99,99,99,99,99,99,99,99,99,99,99,99,99,99,99,99,99
422,monkey,cat,dog,bear,lion,tiger,giraffe,elephant,fish,bird,baboon,gorilla,snake,lizard,99,99,99,99,99,99,99,99,99,99,99,99,99,99,99,99,99,99,99,99,99
423,cat,dog,mouse,hippi,giraff,lion,tiger,bear,rat,bird,lizzard,fish,snake,pig,bear,horse,cow,99,99,99,99,99,99,99,99,99,99,99,99,99,99,99,99,99,99
426,oWL,CAT,DOG,WHALE,BIRD,FISH,DEER,DONEKY,HORSE,PIG,CHIKEN,COW,99,99,99,99,99,99,99,99,99,99,99,99,99,99,99,99,99,99,99,99,99,99,99
428,aadrvark,anteater,antelope,boar,badger,cat,condor,eagle,finch,hummingbird,wolf,fox,polar bear,brown bear,kodiak bear,salmon,dog,deer,dikdik,elk,eel,tilapia,cod,catfish,99,99,99,99,99,99,99,99,99,99,99
429,horse,cat,dog,otter,fox,cow,pig,sheep,goat,lion,zebra,whale,dolphin,shark,fish,chicken,turkey,kangaroo,kolla,panda bear,99,99,99,99,99,99,99,99,99,99,99,99,99,99,99
430,Panda,fly,cat,dog,fish,fox,polar bear,black bear,brown bear,Dolphin,Elephant,giraffe,goat,rams,sheep,deer,mosquitos,ticks,roaches,99,99,99,99,99,99,99,99,99,99,99,99,99,99,99,99
431,dog,cat,bull,boar,snake,rat,bear,goose,elephant,rhino,tiger,lion,zebra,pig,horse,99,99,99,99,99,99,99,99,99,99,99,99,99,99,99,99,99,99,99,99
432,cat,dog,mouse,horse,deer,pig,bear,hog,spider,rat,duck,swan,turkey,crab,fish,99,99,99,99,99,99,99,99,99,99,99,99,99,99,99,99,99,99,99,99
434,cat,dog,mouse,deer,fish,octopus,tiger,lion,bear,squirrel,beaver,antelope,zebra,elephant,giraffe,snail,turtle,hedgehog,99,99,99,99,99,99,99,99,99,99,99,99,99,99,99,99,99
435,giraffe,dog,cat,whale,dolphin,lizard,elephant,lion,zebra,antelope,crocodile,fish,shrimp,shark,seahorse,whaleshark,bird,eagle,99,99,99,99,99,99,99,99,99,99,99,99,99,99,99,99,99
437,dog,cat,hamster,ground hog,dolpin,pig,moose,elk,deer,chimpmunk,squirrel,fish,shark,possum,raccoon,tiger,lion,anteater,elephant,liger,99,99,99,99,99,99,99,99,99,99,99,99,99,99,99
438,cat,dog,mouse,lion,peacock,tiger,bunny,hen,swan,fish,beavers,squirrels,lamb,shark,99,99,99,99,99,99,99,99,99,99,99,99,99,99,99,99,99,99,99,99,99
439,lion,tiger,bear,cat,god,cow,horse,snake,rat,mice,zebra,panda,birds,red jay,blue jay,rabbit,bear,fox,snail,99,99,99,99,99,99,99,99,99,99,99,99,99,99,99,99
440,gorilla,cat,dog,bunny,rat,snake,frog,fish,bird,giraff,lion,tiger,bare,deer,moose,elk,mongoose,badger,lizers,gopher,99,99,99,99,99,99,99,99,99,99,99,99,99,99,99
442,dog,catefrog,"fish""",elephant,snake,lamb,cow,pig,chicken,turkey,lion,elk,pig,eel,bird,kangroo,99,99,99,99,99,99,99,99,99,99,99,99,99,99,99,99,99,99,99
443,bug,dog,cat,ant,giraffe,crocodile,alligator,whale,angel fish,sunfish,flea,sand flea,crab,bird,seagull,pelican,jellyfish,fox,opposum,rat,mole,shrew,bat,praying mantis,ants,99,99,99,99,99,99,99,99,99,99
444,panda,cat,dog,elk,moose,rabbit,buffalo,seal,hedgehog,lion,tiger,bear,ostrich,bat,hamster,rat,mouse,monkey,elephant,cow,horse,pig,snake,99,99,99,99,99,99,99,99,99,99,99,99
445,cat,dog,snake,lizards,birds,bunnies,lions,tigers,bears,elephants,giraffes,zebras,ferrets,rats,99,99,99,99,99,99,99,99,99,99,99,99,99,99,99,99,99,99,99,99,99
447,pig,goat,dog,bird,cat,cow,owl,wolf,ape,fish,starfish,chicken,ox,snake,lizard,bat,99,99,99,99,99,99,99,99,99,99,99,99,99,99,99,99,99,99,99
448,duck,cow,chicken,kangaroo,parrot,platypus,echidna,wallaby,camel,elephant,giraffe,emu,ostrich,toad,lizard,iguana,penguin,albatross,puffin,mouse,99,99,99,99,99,99,99,99,99,99,99,99,99,99,99
449,Dog,Cat,Cow,Monkey,Donkey,Giraffe,Armadillo,Panda,Dolphin,Shark,Whale,Seal,Lion,Tiger,Chicken,Goat,Horse,Rabbit,Squirrel,Hedgehog,99,99,99,99,99,99,99,99,99,99,99,99,99,99,99
450,dog,cat,zebra,lion,duck,cow,sheep,pig,moose,mouse,tiger,bear,camel,lama,fish,whale,shark,dolpin,lobster,deer,bunny,fox,99,99,99,99,99,99,99,99,99,99,99,99,99
451,dog,cat,bird,elephant,giraffe,pig,monkey,zebra,tiger,bear,lion,lizard,rabbit,squirrel,rat,99,99,99,99,99,99,99,99,99,99,99,99,99,99,99,99,99,99,99,99
452,crow,cat,dog,lizard,crocodile,alligator,giraffe,fish,flamingo,elephant,lion,parrot,macaw,ferret,mouse,rat,snake,zebra,horse,99,99,99,99,99,99,99,99,99,99,99,99,99,99,99,99
453,elephant,dog,cat,llama,rabit,squirrel,moose,elk,deer,weasle,rat,giraffe,lion,tiger,bear,oh my,bird,99,99,99,99,99,99,99,99,99,99,99,99,99,99,99,99,99,99
454,elephant,mouse,dog,cat,lion,cheetah,rhino,frog,seal,penguin,snake,monkey,turtle,dolphin,jaguar,horse,pig,chicken,cow,99,99,99,99,99,99,99,99,99,99,99,99,99,99,99,99
455,dog,cat,mouse,horse,raccon,squirell,elephant,monkey ape,shark,whale,fish,lizard,dinosaurs,bird,alligator,koala,spider,rhino,hippo,ants,fly,farrot,99,99,99,99,99,99,99,99,99,99,99,99,99
458,cat,dog,giraffe,elephant,bird,cow,bull,horse,pony,sheep,zebra,antelop,rabbit,hare,elephant,monkey,99,99,99,99,99,99,99,99,99,99,99,99,99,99,99,99,99,99,99
459,tiger,bear,lion,penguin,seagul,dog,cat,goat,ram,bull,bison,rhino,elephant,deer,skunk,squirrel,beetle,ladybug,bee,ant,whale,dolphin,fish,sea urchin,starfish,crab,oyster,99,99,99,99,99,99,99,99
460,cat,dog,bird,tiger,lion,bear,racoon,squirrel,hamster,owl,pigeon,hummingbird,lemur,gorilla,deer,swan,duck,salamander,whale,hippo,elephant,monkey,99,99,99,99,99,99,99,99,99,99,99,99,99
461,giraffe,zebra,lion,dog,cat,octopus,rabbit,snake,owl,bird,goat,llama,alpaca,sheep,cow,pig,sloth,monkey,99,99,99,99,99,99,99,99,99,99,99,99,99,99,99,99,99
462,cat,dog,rat,cat,pig,elephant,zebra,Lizard,sanke,Ox,Leech,99,99,99,99,99,99,99,99,99,99,99,99,99,99,99,99,99,99,99,99,99,99,99,99
463,elephant,cows,pigs,birds,penguins,giraffes,hippos,horses,lions,tigers,bears,dogs,cats,hampsters,donkeys,zebras,99,99,99,99,99,99,99,99,99,99,99,99,99,99,99,99,99,99,99
464,elephant,tardigrade,mouse,snake,dog,cat,daphnia,lion,bear,amoebae,raven,crow,99,99,99,99,99,99,99,99,99,99,99,99,99,99,99,99,99,99,99,99,99,99,99
465,dog,car,cow,duck,horse,chicken,zebra,cheetah,lion,bird,deer,pig,99,99,99,99,99,99,99,99,99,99,99,99,99,99,99,99,99,99,99,99,99,99,99
466,cat,dog,hamster,mouse,rat,kangaroo,monkey,snake,lizard,gorilla,deer,fly,bat,horse,kangaroo,bird,bat,lobster,crab,shark,whale,dolphin,99,99,99,99,99,99,99,99,99,99,99,99,99
467,Sting Ray,Cat,Dog,Horse,Snail,Snake,Cow,Pig,Chicken,Cheetah,Elephant,Lion,Monkey,Gorilla,Parrot,Bear,Mountain Lion,99,99,99,99,99,99,99,99,99,99,99,99,99,99,99,99,99,99
468,cat,dog,mouse,cougar,pigeon,duck,otter,platapus,rhino,seal,zebra,hippo,jackal,mosue,mouse*,squirrel,deer,fox,tiger,alligator,croc,wildebeast,99,99,99,99,99,99,99,99,99,99,99,99,99
470,dog,cat,giraffe,hippo,tiger,lion,horse,donkey,pelican,alligator,dolphin,shark,octopus,whale,seagull,eagle,falcon,salamander,gecko,99,99,99,99,99,99,99,99,99,99,99,99,99,99,99,99
471,frog,dog,cat,cow,horse,fish,chicken,donkey,turtle,mouse,rat,bird,zebra,elephant,heghog,bear,turkey,99,99,99,99,99,99,99,99,99,99,99,99,99,99,99,99,99,99
472,lion,tiger,bear,chimpanzee,rhino,hippo,monkey,dog,cat,elephant,leopard,cerval,coyote,panda,robin,cheetah,penguin,boar,bat,rat,mouse,possum,raccoon,echidna,bilby,bush baby,99,99,99,99,99,99,99,99,99
473,cat,dog,mouse,bear,bird,beaver,rat,frog,lizard,goat,sheep,lion,tiger,raccoon,octopus,clown fish,rhino,rabbit,cat,walrus,spider,duck,99,99,99,99,99,99,99,99,99,99,99,99,99
474,zebra,lion,elephant,dolphin,dog,cat,giraffe,ant-eater,pelican,penquin,ants,beatles,butterflies,ostrich,tiger,bear,spider,pig,horse,99,99,99,99,99,99,99,99,99,99,99,99,99,99,99,99
475,Cat,Dog,Lemur,Meerkat,Boar,Cow,Buffalo,Python,Hen,Rooster,Sheep,Ape,Frog,99,99,99,99,99,99,99,99,99,99,99,99,99,99,99,99,99,99,99,99,99,99
476,dog,cat,giraffe,fish,bunny,bird,shark,elephant,lion,cheetah,leopard,ferret,hamster,gerbal,snake,horse,pig,goat,llama,99,99,99,99,99,99,99,99,99,99,99,99,99,99,99,99
477,Hippo,Tiger,Lion,Cat,Dog,mouse,bird,fish,giraffe,panda,bear,otter,wolf,horse,duck,chicken,rabbit,99,99,99,99,99,99,99,99,99,99,99,99,99,99,99,99,99,99
478,horse cat dog pig goat fidh deer duck swan goose bird eagle giraffe lion hippo,hippo,dog,cat,giraffe,fish,clown fish,deer,elephant,99,99,99,99,99,99,99,99,99,99,99,99,99,99,99,99,99,99,99,99,99,99,99,99,99,99
479,dog,cat,mouse,deer,monkey,frog,lion,tiger,bear,bird,wolf,99,99,99,99,99,99,99,99,99,99,99,99,99,99,99,99,99,99,99,99,99,99,99,99
480,dog,cat,rabbit,zebra,mouse,bear,snake,fish,lizard,raccoon,lion,tiger,harambe,monkey,gorilla,99,99,99,99,99,99,99,99,99,99,99,99,99,99,99,99,99,99,99,99
481,dog,cat,bird,seal,lion,tiger,bear,monkey,zebra,butterfly,gorilla,snake,lizard,kangaroo,fish,shark,bat,99,99,99,99,99,99,99,99,99,99,99,99,99,99,99,99,99,99
482,lion,sealion,monkey,gorilla,monkey,bird,cat,dog,zebra,tucan,tiger,bear,fish,99,99,99,99,99,99,99,99,99,99,99,99,99,99,99,99,99,99,99,99,99,99
483,dog,cat,squirrel,cow,bird,pig,monkey,giraffe,elephant,lion,tiger,bear,penguin,seagull,bat,frog,lizard,99,99,99,99,99,99,99,99,99,99,99,99,99,99,99,99,99,99
484,monkey,bird,dog,cat,elephant,tiger,lion,giraffe,pelican,seal,shark,starfish,turttle,frog,penguin,owl,eagle,bat,99,99,99,99,99,99,99,99,99,99,99,99,99,99,99,99,99
485,cat,dog,elephant,horse,cow,sheep,goat,moose,deer,giraffe,buck,doe,99,99,99,99,99,99,99,99,99,99,99,99,99,99,99,99,99,99,99,99,99,99,99
486,tiger,lion,bear,koala,dog,cat,bird,snake,crocodile,aligator,penguin,monkey,gorilla,jaguar,cougar,panther,zebra,giraffe,99,99,99,99,99,99,99,99,99,99,99,99,99,99,99,99,99
487,Monkey,Cow,lion,deer,squirral,chimpmunk,rhino,elephant,giraffe,moose,zebra,99,99,99,99,99,99,99,99,99,99,99,99,99,99,99,99,99,99,99,99,99,99,99,99
488,Koala,giraffe,dog,cat,cow,fish,turtle,bear,panda,lion,deer,chimp,bird,turkey,goat,horse,sheep,snake,elephant,99,99,99,99,99,99,99,99,99,99,99,99,99,99,99,99
492,horse,turkey,chicken,kangaroo,lion,giraffe,dog,cat,mice,guinea pig,fish,cow,donkey,bird,99,99,99,99,99,99,99,99,99,99,99,99,99,99,99,99,99,99,99,99,99
494,cat,dog,bird,fish,hamster,rabbit,iguana,ferret,gorilla,fox,giraffe,panda,zebra,dolphin,lizard,platypus,emu,99,99,99,99,99,99,99,99,99,99,99,99,99,99,99,99,99,99
495,cat,dog,zebra,horse,mule,lion,tiger,bear,bird,fish,frog,crocidile,iguana,bobcat,panther,monkey,ape,chimpanzee,gorilla,99,99,99,99,99,99,99,99,99,99,99,99,99,99,99,99
496,dog,cat,horse,pig,mouse,cow,pig,goat,bird,owl,alligator,shark,frog,fish,horse,donkey,hamster,guinea big,rabbits,crocidile,camel,elephant,hippos,99,99,99,99,99,99,99,99,99,99,99,99
498,cat,dog,bird,snake,fish,tiger,lion,bear,elephant,pig,horse,rhino,99,99,99,99,99,99,99,99,99,99,99,99,99,99,99,99,99,99,99,99,99,99,99
499,dog,cat,mouse,sheep,goat,girafe,elephant,pig,cow,horse,chicken,kangaroo,parakeet,walrus,tiger,lion,penguin,bear,deer,unicorn,fish,shark,sting ray,jelly fish,99,99,99,99,99,99,99,99,99,99,99
501,dog,cat,duck,tiger,lion,rat,mouse,otter,fish,shark,monkey,bird,99,99,99,99,99,99,99,99,99,99,99,99,99,99,99,99,99,99,99,99,99,99,99
502,dog,cat,mouse,rooster,pig,lizzard,horse,rat,lion,cow,99,99,99,99,99,99,99,99,99,99,99,99,99,99,99,99,99,99,99,99,99,99,99,99,99
503,cheeta,horse,lion,zebra,cat,dog,horse,chinchila,tiger,99,99,99,99,99,99,99,99,99,99,99,99,99,99,99,99,99,99,99,99,99,99,99,99,99,99
504,monkey,cat,dog,rat,bear,snake,racoon,mouse,lizard,goose,pig],fox,wolf,cougar,cheetah,lion,frog,duck,99,99,99,99,99,99,99,99,99,99,99,99,99,99,99,99,99
505,Giraffe,Elephant,tiger,bear,monkey,fox,dog,cat,cheetah,jaguar,snake,spider,chincilla,mongoose,blue jay,robin,horse\,pig,donkey,mule,cow,sheep,99,99,99,99,99,99,99,99,99,99,99,99,99
506,Bird,Elephant,Zebra,hippo,dolphin,whale,fish,cat,dog,ostrich,rhino,seagull,hamster,porquipine,lionfish,99,99,99,99,99,99,99,99,99,99,99,99,99,99,99,99,99,99,99,99
507,dog,cat,elphant,zebra,lion,cougar,bear,gray wolf,fox,red wolf,coyote,salmon,swordfish,blue whale,99,99,99,99,99,99,99,99,99,99,99,99,99,99,99,99,99,99,99,99,99
509,dog,cat,beatr,fish,deer,horse,mouse,lamb,donkey,turtle,snake,monkey,frog,spider,catipiller,99,99,99,99,99,99,99,99,99,99,99,99,99,99,99,99,99,99,99,99
512,fox,cat,dog,pig,fly,ant,elephant,giraffe,cow,lizard,bird,squirrel,rat,mouse,bunny,turtle,rhino,monkey,gorilla,platypus,99,99,99,99,99,99,99,99,99,99,99,99,99,99,99
514,dog,cat,zebra,elephant,llanma,monkey,mouce,pug,hampster,emu,lion,giraffe,manatee,whale,robin,chickadee,lizard,gecko,rhino,hippo,dolphin,squirrel,elk,deer,99,99,99,99,99,99,99,99,99,99,99
515,giraffe,dog,cat,bird,lizard,elephant,pug,cow,squriel,tiger,lion,monkey,ziebra,duck,goose,horse,99,99,99,99,99,99,99,99,99,99,99,99,99,99,99,99,99,99,99
516,dog,cat,monkey,zebra,panda,girafe,elephant,pangolin,mountain hyrax,shrimp,clown fish,lion fish,lion,tiger,bear,leopard,rabbit,99,99,99,99,99,99,99,99,99,99,99,99,99,99,99,99,99,99
518,bears,bears,cats,mouse,dog,snake,eagle,hawk,horse,deer,racoon,ostrich,lion,tiger,zebra,liger,donkey,99,99,99,99,99,99,99,99,99,99,99,99,99,99,99,99,99,99
521,bear,car,dog,rabbit,giraffe,dinosaur,turtle,dolphin,whale,leopard,wolf,did I say bear already?,horse,pig,cow,chicken,donkey,mule,snake,mouse,rat,gerbil,armadillo,hyena,rhino,eagle,99,99,99,99,99,99,99,99,99
522,panda,lion,bear,dog,cat,fish,tiger,monkey,ferret,bird,rat,mouse,99,99,99,99,99,99,99,99,99,99,99,99,99,99,99,99,99,99,99,99,99,99,99
523,dolphin  monkey  bear  dog  cat  fish  peguin,monkey,dog,cat,99,99,99,99,99,99,99,99,99,99,99,99,99,99,99,99,99,99,99,99,99,99,99,99,99,99,99,99,99,99,99
528,dog,cat,bat,rat,tiger,lion,snake,leopard,puma,mouse,ant,beaver,horse,zebra,rhino,hippo,eagle,robin,99,99,99,99,99,99,99,99,99,99,99,99,99,99,99,99,99
529,dog,cat,mouse,99,99,99,99,99,99,99,99,99,99,99,99,99,99,99,99,99,99,99,99,99,99,99,99,99,99,99,99,99,99,99,99
530,fox,dog,cat,bird,lizard,elephant,pig,tuna,fish,panda,monkey,cricket,leopard,lion,tiger,snake,spider,99,99,99,99,99,99,99,99,99,99,99,99,99,99,99,99,99,99
531,cat,dog,elephant,panda,bear,tiger,lion,snail,sloth,mammoth,ant,bee,spider,hamster,rabbit,snake,lizard,turtle,99,99,99,99,99,99,99,99,99,99,99,99,99,99,99,99,99
532,fox cat dog bird lion bear tiger lizard penguin monkey panda kangaroo,cat,dog,lion,tiger,bird,monkey,panda,lizard,rat,99,99,99,99,99,99,99,99,99,99,99,99,99,99,99,99,99,99,99,99,99,99,99,99,99
533,dog,wolf,mouse,goose,mouse,gorilla,monkey,human,rat,weasel,otter,beaver,monkey,ape,panda,grizzly bear,bear,99,99,99,99,99,99,99,99,99,99,99,99,99,99,99,99,99,99
534,cat,dog,mouse,tiger,lemur,otter,fish,monkey,whale,99,99,99,99,99,99,99,99,99,99,99,99,99,99,99,99,99,99,99,99,99,99,99,99,99,99
535,cat dog fish elephant tiger zebra monkey giraff lion dolphin wale roster squirle,99,99,99,99,99,99,99,99,99,99,99,99,99,99,99,99,99,99,99,99,99,99,99,99,99,99,99,99,99,99,99,99,99,99
536,Dog,Cat,horse,monkey,bunny,rabbit,snake,squirrel,bird,zebra,elephant,groundog,gorilla,horse,jaguar,lion,99,99,99,99,99,99,99,99,99,99,99,99,99,99,99,99,99,99,99
540,cat,dog,fish,monkey,zebra,arangatang,horse,giraffe,lion,tiger,99,99,99,99,99,99,99,99,99,99,99,99,99,99,99,99,99,99,99,99,99,99,99,99,99
541,dog,cat,deer,penguin,rat,mouse,elephantt,gorilla,monkey,zebra,alligator,bird,lizard,snake,turtle,tortoise,terrapin,crocodile,platypus,fish,gerble,hamster,99,99,99,99,99,99,99,99,99,99,99,99,99
543,Dolphin,Cow,Dinosaur,Cat,Dog,Seal,Shark,Narwhal,Penguin,chicken,99,99,99,99,99,99,99,99,99,99,99,99,99,99,99,99,99,99,99,99,99,99,99,99,99
545,deer,cat,elephant,dog,hamster,raccoon,bunny,bird,fish,shark,whale,eel,starfish,pelican,flamingo,zebra,lion,tiger,horse,goat,99,99,99,99,99,99,99,99,99,99,99,99,99,99,99
546,Zebra,Giraffe,Elephant,Iguana,Cat,Dog,Snake,Bird,Rat,Mouse,Salamander,Turtle,Elk,Deer,Bear,Panda,Monkey,Gorilla,fish,99,99,99,99,99,99,99,99,99,99,99,99,99,99,99,99
547,Wolf,deer,coyote,cat,dog,sheep,kangaroo,polar bear,otter,goat,frog,snake,lion,jaguar,99,99,99,99,99,99,99,99,99,99,99,99,99,99,99,99,99,99,99,99,99
548,sog,cat,goose,lamb,duck,sheep,elephant,skunk,rooster,tiger,giraffe,fish,shark,dolphin,pourpise,turtle,kangaroo,leimer,monkey,gorilla,catfish,99,99,99,99,99,99,99,99,99,99,99,99,99,99
549,Bird,Dog,Cat,Ferret,Chinchila,Elephant,Zebra,Giraffe,Snake,Fish,Playtpus,Otopus,Whale,Cheetah,Llama,Horse,99,99,99,99,99,99,99,99,99,99,99,99,99,99,99,99,99,99,99
550,panda,koala,bear,polar bear,dog,cat,mouse,bird,giraffe,elephant,lion,tiger,leopard,turlte,frog,fish,dolphin,shark,snail,gerbil,hamster,raccoon,snake,rat,hen,chicken,cow,goat,99,99,99,99,99,99,99
551,Dog,cat,elephant,bird,giraffe,hippo,rhino,99,99,99,99,99,99,99,99,99,99,99,99,99,99,99,99,99,99,99,99,99,99,99,99,99,99,99,99
557,cat,dog,kangaroo,penguin,zebra,duck,bird,fish,horse,frog,99,99,99,99,99,99,99,99,99,99,99,99,99,99,99,99,99,99,99,99,99,99,99,99,99
559,turtle catdog elephant fish bird squiral rabbit fox deer monkey giraff,ca,dog,fish,monkey,99,99,99,99,99,99,99,99,99,99,99,99,99,99,99,99,99,99,99,99,99,99,99,99,99,99,99,99,99,99
561,Cat Dog Tiger OTter turtle lion cougar panther rabbit,giraffe,lion,bear,bobcat\,frog,cheeta,snake,anteater,panda,eagle,rhino,99,99,99,99,99,99,99,99,99,99,99,99,99,99,99,99,99,99,99,99,99,99,99
563,dog,cat,bird,deer,rat,mouse,turtle,monkey,rabbit,fish,shark,hampster,elephant,tiger,lion,bear,alligator,eel,octopus,99,99,99,99,99,99,99,99,99,99,99,99,99,99,99,99
566,Giraffe,Lion,Elephant,Deer,Dog,Cat,Snake,Bird,Tiger,Polar Bear,Grizzly Bear,Fox,99,99,99,99,99,99,99,99,99,99,99,99,99,99,99,99,99,99,99,99,99,99,99
570,Duck,goose,deer,dog,cat,squirrel,zebra,elephant,bird,mouse,rat,bear,tiger,lion,fish,whale,alligator,frog,toad,99,99,99,99,99,99,99,99,99,99,99,99,99,99,99,99
571,dog,cat,giraffe,frog,cow,horse,mule,donkey,coyote,monkey,chimpanzee,bird,crow,turtle,dolphin,fish,shark,grasshopper,ant,ant eater,bee,hornet,yellow jacket,99,99,99,99,99,99,99,99,99,99,99,99
575,goat,cat,dog,llama,salmon,vulcher,goose,squirrel,lion,phoenix,tiger,bear,elephant,giraffe,zebra,donkey,alpaca,99,99,99,99,99,99,99,99,99,99,99,99,99,99,99,99,99,99
576,monkey,giraffe,tiger,lion,cat,dog,hamster,leopard,chimp,gorilla,snake,rat,mouse,kitten,puppy,ant,beetle,cockroach,praying mantis,99,99,99,99,99,99,99,99,99,99,99,99,99,99,99,99
577,cat,dog,horse,mouse,lion,bird,seal,ostritch,pig,duck,cow,chicken,goose,bat,cheetah,rat,99,99,99,99,99,99,99,99,99,99,99,99,99,99,99,99,99,99,99
579,cat,dog,gorilla,monkey,bird,goldfish,mouse,guinea pig,horse,parrot,wale,sea horse,star fisgh,seagull,crocodile,shark,99,99,99,99,99,99,99,99,99,99,99,99,99,99,99,99,99,99,99
581,giraffe,elephant,monkey,goose,cow,cat,dog,bird,hamster,bunny,chinchilla,ferret,moose,deer,llama,alpaca,mongoose,snake,kangaroo,koala,fish,99,99,99,99,99,99,99,99,99,99,99,99,99,99
584,Cow,Dog,Lion,Bear,Cat,Monkey,Armadillo,Ant-eater,Panda,Frog,Chicken,Pig,Unicorn,Horse,Zebra,Giraffe,Penguin,Crocodile,Alligator,Pig,99,99,99,99,99,99,99,99,99,99,99,99,99,99,99
585,cat,dog,lion,giiafee,panda,gieuna pig,horse,cow,bird,99,99,99,99,99,99,99,99,99,99,99,99,99,99,99,99,99,99,99,99,99,99,99,99,99,99
586,cow,pig,elephant,lion,seal,walrus,tiger,99,99,99,99,99,99,99,99,99,99,99,99,99,99,99,99,99,99,99,99,99,99,99,99,99,99,99,99
588,zebra,cow,horse,bird,pig,frog,dog,cat,monkey,snake,elephant,deer,goat,rooster,99,99,99,99,99,99,99,99,99,99,99,99,99,99,99,99,99,99,99,99,99
589,dog,cat,mouse,tiger,lion,bear,sheep,cow,zebra,cougar,deer,bird,fish,pig,horse,99,99,99,99,99,99,99,99,99,99,99,99,99,99,99,99,99,99,99,99
590,dog,cat,horse,bunny,goat,cow,lion,tiger,bear,chicken,snake,beetle,ladybug,butterfly,elephant,zebra,octopus,99,99,99,99,99,99,99,99,99,99,99,99,99,99,99,99,99,99
592,Lion,Tiger,Bear,Rat,Chipmunk,Walrus,dog,cat,hamster,bird,guinea pig,elephant,armadillo,octopus,ferret,99,99,99,99,99,99,99,99,99,99,99,99,99,99,99,99,99,99,99,99
593,pig,dog,cat,bird,tiger,lion,sheep,horse,mouse,duck,bird,monkey,girrafe,whale,turtle,lizard,bear,wolf,99,99,99,99,99,99,99,99,99,99,99,99,99,99,99,99,99
594,cat,dog,fish,lion,tiger,frog,fish,turtle,zebra,hippo,bird,snake,spider,hamster,ra5t,rat,mouse,99,99,99,99,99,99,99,99,99,99,99,99,99,99,99,99,99,99
595,cat,dog,monkey,gorilla,giraffe,baboon,snake,rat,mouse,bear,lion,tiger,elephant,pig,boar,swan,bird,alligator,crocodile,99,99,99,99,99,99,99,99,99,99,99,99,99,99,99,99
596,dog,cat,fish,bird,mouse,rat,tiger,lion,monkey,pig,cow,horse,goat,chicken,99,99,99,99,99,99,99,99,99,99,99,99,99,99,99,99,99,99,99,99,99
597,dog,cat,hamster,mouse,fish,bird,lion,tiger,leppord,gorrills,gorilla,chimpanzi,polar bear,bear,deer,possom,ant,99,99,99,99,99,99,99,99,99,99,99,99,99,99,99,99,99,99
598,elephant,leopard,dog,cheetah,lion,sheep,bunny,rabbit,squirrel,horse,chicken,hen,frog,snake,cat,bird,fish,crab,shrimp,gorrilla,99,99,99,99,99,99,99,99,99,99,99,99,99,99,99
599,lion,tiger,bear,lizard,giraffe,snake,dog,cat,llama,horse,pig,bird,sheepwolf,donkey,99,99,99,99,99,99,99,99,99,99,99,99,99,99,99,99,99,99,99,99,99
600,dog,cat,bird,kangaroo,sheep,99,99,99,99,99,99,99,99,99,99,99,99,99,99,99,99,99,99,99,99,99,99,99,99,99,99,99,99,99,99
601,cat,dog,goose,pig,elephant,eel,fish,snake,lion,tiger,bear,cheetah,jaguar,99,99,99,99,99,99,99,99,99,99,99,99,99,99,99,99,99,99,99,99,99,99
602,lion,cheetah,bear,cat,dog,pig,frog,snake,frog,horse,gorilla,whale,fish,dolphin,shark,pigeon,hare,rabbit,squirrel,99,99,99,99,99,99,99,99,99,99,99,99,99,99,99,99
605,wolf,owl,99,99,99,99,99,99,99,99,99,99,99,99,99,99,99,99,99,99,99,99,99,99,99,99,99,99,99,99,99,99,99,99,99
608,gazelle,deer,dog,cat,mouse,lion,panther,jaguar,panda,ape,monkey,baboon,humans,mountain lion,cougar,bird,turtle,tortoise,bear,polar bear,99,99,99,99,99,99,99,99,99,99,99,99,99,99,99
609,dpg,cat,worm,spider,mammoth,elephant,horse,snake,wolf,tiger,lion,giraffe,gorilla dog,dog,ape,chimpanzee,gazelle,99,99,99,99,99,99,99,99,99,99,99,99,99,99,99,99,99,99
612,dogs,cats,alligators,birds,snakes,frogs,llamas,flamingoes,giraffes,elephants,crows,lizards,bunnies,squirrels,99,99,99,99,99,99,99,99,99,99,99,99,99,99,99,99,99,99,99,99,99
613,elephant,dog,cat,mouse,horse,pony,fish,turtle,parrot,beaver,dolphin,whale,shark,99,99,99,99,99,99,99,99,99,99,99,99,99,99,99,99,99,99,99,99,99,99
614,zebra,cat,dog,mouse,elephant,monkey,snake,rat,bunny,rabbit,bird,skunk,dolphin,pig,horse,sheep,cow,bull,flamingo,girraf,99,99,99,99,99,99,99,99,99,99,99,99,99,99,99
615,dog,CAT,TIGER,birds,lion,bear,wolf,kitten,fox,whale,99,99,99,99,99,99,99,99,99,99,99,99,99,99,99,99,99,99,99,99,99,99,99,99,99
616,cheetah,leopard,frog,zebra,giraffe,goat,lamb,pig,camel,horse,turtle,cat,dog,chicken,goose,bird,panda,99,99,99,99,99,99,99,99,99,99,99,99,99,99,99,99,99,99
617,aardvark,ant,bird,bear,cat,cheetah,dog,deer,duck,elephant,fish,giraffe,horse,99,99,99,99,99,99,99,99,99,99,99,99,99,99,99,99,99,99,99,99,99,99
618,elephant,rabbit,frog,cheetah,dog,cat,fish,bear,whale,dolphin,99,99,99,99,99,99,99,99,99,99,99,99,99,99,99,99,99,99,99,99,99,99,99,99,99
620,dog,cat,bird,fish,monkey,ape,deer,lion,seal,wolverine,panther,horse,sheep,goat,frog,chicken,cow,99,99,99,99,99,99,99,99,99,99,99,99,99,99,99,99,99,99
624,dog,cat,mouse,lion,tiger,elephant,leopard,rhino,bird,rat,catapiller,squirrel,monkey,gorilla,lima,emu,dodo,kuala,dingo,kangaroo,wildebeest,sprikbok,99,99,99,99,99,99,99,99,99,99,99,99,99
625,Pig,Dog,Cat,Mouse,Horse,Alligator,Giraffe,Panda,Flamingo,Bull,Fish,Turtle,Duck,Gorill,Monkey,Platipus,Rat,99,99,99,99,99,99,99,99,99,99,99,99,99,99,99,99,99,99
626,dog,cat,mouse,"elephant""",sheep,horse,goat,tiger,99,99,99,99,99,99,99,99,99,99,99,99,99,99,99,99,99,99,99,99,99,99,99,99,99,99,99
628,dog,cat,horse,elephant,rat,cow,pig,chicken,whale,shark,fish,jelly fish,star fish,camel,donkey,99,99,99,99,99,99,99,99,99,99,99,99,99,99,99,99,99,99,99,99
630,Giraffe  elephant  alligator  bat  tiger  gorilla,leopard,monkey,hawk,kangaroo,lion,99,99,99,99,99,99,99,99,99,99,99,99,99,99,99,99,99,99,99,99,99,99,99,99,99,99,99,99,99
631,dog,cat,mouse,giraffe,elephant,turtle,fish,shark,octopus,bird,ant,spider,snake,sloth,ferret,sheep,cows,99,99,99,99,99,99,99,99,99,99,99,99,99,99,99,99,99,99
632,dog,cat,pig,snail,horse,lion,tiger,snake,zebra,giraffe,squirel,lizard,rat,hippo,99,99,99,99,99,99,99,99,99,99,99,99,99,99,99,99,99,99,99,99,99
634,cat,dog,horse,mouse,fish,frog,lizard,sheep,cow,pig,duck,goose,snake,rabbit,deer,moose,99,99,99,99,99,99,99,99,99,99,99,99,99,99,99,99,99,99,99
635,Dog,Cat,Bear,Frog,Horse,Chicken,Cow,Bird,Lion,Tiger,Snake,Lizard,Whale,Shark,Fish,Koala,Panda,99,99,99,99,99,99,99,99,99,99,99,99,99,99,99,99,99,99
636,elephant,dog,cat,mouse,bird,pelican,frog,snake,rabbit,rat,iguana,guinnea pig,hamster,fish,octapus,shark,99,99,99,99,99,99,99,99,99,99,99,99,99,99,99,99,99,99,99
637,cat,dog,mouse,cat,rabbit,frog,pig,horse,cattle,sheep,cow,fish,shark,dolphin,birds,lions,hamsters,gerbils,pigs,lambs,chickens,turkey,99,99,99,99,99,99,99,99,99,99,99,99,99
638,dog,cat,lion,cheetah,bird,penguin,tiger,bear,polar bear,flamingo,chicken,hen,pig,cow,sheep,99,99,99,99,99,99,99,99,99,99,99,99,99,99,99,99,99,99,99,99
639,dog  cat  horse  guinea pig  rooster  bird  fish  mouse  rat  owl,dog,cat,horse,mouse,shark,whale,tigar,lion,99,99,99,99,99,99,99,99,99,99,99,99,99,99,99,99,99,99,99,99,99,99,99,99,99,99
640,horse,dog,cat,bear,frog,cow,turtle,hippopotimus,giraffe,lizard,alligator,bird,parrot,monkey,ape,walrus,99,99,99,99,99,99,99,99,99,99,99,99,99,99,99,99,99,99,99
641,chicken,lion,tiger,cat,dog,jesus,tiger,bird,liam,mole,pig,rat,mouse,horse,pigieon,snake,turtle,99,99,99,99,99,99,99,99,99,99,99,99,99,99,99,99,99,99
642,pig,fish,cat,dog,crab,horse,elephant,lion,seal,bird,monkey,chicken,cow,bull,donkey,ferret,hamster,lizard,99,99,99,99,99,99,99,99,99,99,99,99,99,99,99,99,99
643,tiger,bear,monkey,lion,seagull,shark,octopus,shrimp,worm,human,deer,bird,leopard,cheetah,kangaroo,99,99,99,99,99,99,99,99,99,99,99,99,99,99,99,99,99,99,99,99
644,zebra,rat,mouse,cat,dog,giraffe,panda,bear,seagull,pidegon,leapord,tiger,lizard,snake,frog,doplpin,shark,pig,chicken,cow,deer,99,99,99,99,99,99,99,99,99,99,99,99,99,99
645,pigs,dogs,cats,horse,lion,tiger,monkey,sloth,hamster,rabbit,sloth,chicken,rooster,guinea pig,llama,rat,99,99,99,99,99,99,99,99,99,99,99,99,99,99,99,99,99,99,99
646,ca,cat,dog,mouse,horse,fish,elephant,bug,monkey,cow,pig,bird,rhino,tiger,zebra,bull,99,99,99,99,99,99,99,99,99,99,99,99,99,99,99,99,99,99,99
648,ducl,duck,cat,dog,pig,chicken,turkey,spider,frog,turtle,lizard,bird,penguin,sheep,swan,fish,sea horse,99,99,99,99,99,99,99,99,99,99,99,99,99,99,99,99,99,99
649,cat,dog,monkey,giraffe,hippo,cow,sheep,lamb,bull,lemur,bird,hampster,guinea pig,owl,rabbit,99,99,99,99,99,99,99,99,99,99,99,99,99,99,99,99,99,99,99,99
650,panda,penguin,dog,cat,shark,lion,whale,jellyfish,snake,squirrel,lizard,hippo,turtle,seahorse,snail,99,99,99,99,99,99,99,99,99,99,99,99,99,99,99,99,99,99,99,99
652,Horse,Peacock,Chicken,Dog,cat,bird,lemur,pig,fish,cow,99,99,99,99,99,99,99,99,99,99,99,99,99,99,99,99,99,99,99,99,99,99,99,99,99
653,rat,deer,dog,cat,rabbit,goat,fish,monkey,zebra,elephant,hamster,dinosaur,hyena,giraffe,rhino,lizard,snake,spider,turtle,99,99,99,99,99,99,99,99,99,99,99,99,99,99,99,99
654,dog,cat,mouse,rat,salamander,chameleon,jaguar,lion,python,rabbit,elephant,dingo,hyenna,giraffe,ox,buffalo,99,99,99,99,99,99,99,99,99,99,99,99,99,99,99,99,99,99,99
655,Cat,Dog,Hamster,Gerbal,Rabbit,Horse,Monkey,99,99,99,99,99,99,99,99,99,99,99,99,99,99,99,99,99,99,99,99,99,99,99,99,99,99,99,99
656,Tiger,Bear,Duck,Cat,Dog,Bird,Monkey,Lion,Cheetah,Whales,Dolphin,Penguin,Lizard,99,99,99,99,99,99,99,99,99,99,99,99,99,99,99,99,99,99,99,99,99,99
657,lions,tigers,bears,pigeoens,birds,eagles,turtles,snakes,lizards,polar bear,penguin,elephant,zebra,squirrel,panda bear,giraffe,monkey,leper,deer,wolves,coyote,99,99,99,99,99,99,99,99,99,99,99,99,99,99
658,dog,cat,mouse,horse,goralla,lion,fish,monkey,dolphin,butterfly,mouse,snake,squarrel,turlte,bird,99,99,99,99,99,99,99,99,99,99,99,99,99,99,99,99,99,99,99,99
659,dog,cat,mouse,rabit,pig,cow,horse,donkey,camel,bear,lion,tiger,monkey,racoon,possum,squirrel,snake,geoco,zebra,polar bear,bird,dinosaur,99,99,99,99,99,99,99,99,99,99,99,99,99
660,dog,cat,panda,sloth,bear,bird,unicorn,mermaid,octopus,fish,snake,sugar bear,worm,lady bug,99,99,99,99,99,99,99,99,99,99,99,99,99,99,99,99,99,99,99,99,99
661,cat,dog,horse,humna,fish,frog,whale,shark,lion,money,zebra,alligator,flea,tick,elephant,99,99,99,99,99,99,99,99,99,99,99,99,99,99,99,99,99,99,99,99
662,dog\,cat,mouse,chicken,rooster,snail,squirrel,octopus,giraffe,monkey,lion,elephant,cow,dolphin,rat,snake,turtle,worm,99,99,99,99,99,99,99,99,99,99,99,99,99,99,99,99,99
663,cow,moose,cheetah,lion,cat,dog,parrot,dove,raven,eagle,frog,salamander,snake,snail,python,buffalo,panther,tiger,giraffe,zebra,gorilla,99,99,99,99,99,99,99,99,99,99,99,99,99,99
664,bat cat dog shoeep,cat,dog,sheep,lamb,llama,elephant,turtle,whale,raccoon,bird,quail,99,99,99,99,99,99,99,99,99,99,99,99,99,99,99,99,99,99,99,99,99,99,99
668,giraffe,liger,tiger,bear,owl,bunny,gibbon,monkey,ape,oragunatan,ram,sheep,goat,horse,cat,dog,alligator,frog,chimp,crocodile,elephant],gazelle,99,99,99,99,99,99,99,99,99,99,99,99,99
670,dog],cat,bird,turtle,rabit,elephant,panda bear,walrus,lion,tiger,99,99,99,99,99,99,99,99,99,99,99,99,99,99,99,99,99,99,99,99,99,99,99,99,99
671,cat,dog,lizzard,horse,bird,tutrle,fish,eagle,snail,monkey,lion,tiger,bear,snake,elephant,cougar,lynx,bobcat,99,99,99,99,99,99,99,99,99,99,99,99,99,99,99,99,99
672,elephant,cat,dog,bird,ape,monkey,parrot,mouse,bunny,snake,skunk,bear,deer,wolf,fox,squirrel,99,99,99,99,99,99,99,99,99,99,99,99,99,99,99,99,99,99,99
673,dog,cat,chicken,pig,cat,cow,horse,elephatt,zebra,goat,sheep,giraffe,llama,guinea pig,parrot,shark,dolphin,fish,frog,ostrich,99,99,99,99,99,99,99,99,99,99,99,99,99,99,99
674,Bird,Zebra,Giraffe,Gorilla,Duck,Fish,Cat,Dog,Hamster,Lizard,Horse,Donkey,Cow,Pig,Parrot,Whale,Dolphin,Lion,Ferret,Rat,Monkey,Ape,99,99,99,99,99,99,99,99,99,99,99,99,99
675,Dog,Cat,lemue,lion,squid,Dinosaur,Pegasus,Pheonix,Griffen,snake,ox,monkey,Ape,bird,Panda,99,99,99,99,99,99,99,99,99,99,99,99,99,99,99,99,99,99,99,99
676,Cat,dog,giraffe,elephant,dolphin,tiger,lion,bear,bird,shark,ant,anteater,bee,wasp,spider,frog,ferret,99,99,99,99,99,99,99,99,99,99,99,99,99,99,99,99,99,99
677,dog,cat,sheep,cow,bird,wolf,tiger,turtle,snake,bear,sheep,99,99,99,99,99,99,99,99,99,99,99,99,99,99,99,99,99,99,99,99,99,99,99,99
678,cat,dog,tiger,bear,lion,zebra,elephant,leopard,giraffe,monkey,gorilla,99,99,99,99,99,99,99,99,99,99,99,99,99,99,99,99,99,99,99,99,99,99,99,99
679,Bear,cat,dog,fish,koala,monkey,panda,zebra,horse,turkey,rabbit,hamster,gorilla,polar bear,bird,99,99,99,99,99,99,99,99,99,99,99,99,99,99,99,99,99,99,99,99
682,dog,cat,mouse,rabbit,snake,horse,rqat,whale,shark,bee,wasp,hornet,frog,turtle,giraffe\,elephant,jackass,99,99,99,99,99,99,99,99,99,99,99,99,99,99,99,99,99,99
683,lion,pig,horse,cat,dog,giraffe,tiger,hamster,gerbal,lizard,monkey,99,99,99,99,99,99,99,99,99,99,99,99,99,99,99,99,99,99,99,99,99,99,99,99
685,Cat,Dog,Rabbit,Cow,Rat,Mouse,Hamster,Moose,Deer,Guine Pig,Pig,Chicken,Toad,Frog,Lizard,99,99,99,99,99,99,99,99,99,99,99,99,99,99,99,99,99,99,99,99
686,House,Zebra,dog,cat,turlte,monkey,pig,cow,moose,mice,puppy,spider,parrot,bird,eagle,frog,dolphin,fish,snake,bug,horse,rabbit,squirrel,giraffe,parakeet,99,99,99,99,99,99,99,99,99,99
687,dog,cat,horse,squid,elephant,ant,bug,spider,gorilla,monkey,lion,tiger,bear,pengiun,dolphin,seahorse,wale,fish,hampster,guinnea pig,pig,cow,99,99,99,99,99,99,99,99,99,99,99,99,99
689,dog,cat,bird,cow,snake,turtle,bug,lion,tiger,camel,kangaroo,elephant,monkey,gorilla,fish,hamster,pig,chicken,99,99,99,99,99,99,99,99,99,99,99,99,99,99,99,99,99
690,cat,dog,horse,bear,snake,cow,panda,fish,turtle,monkey,gorilla,shark,girrafe,zebra,horse,cat,gerbal,99,99,99,99,99,99,99,99,99,99,99,99,99,99,99,99,99,99
698,horse,dog,cat,rabbit,rat,pig,cow,chicken,birdf,whale,fish,aligator,mouse,zebra,lion,tiger,bear,chinchilla,99,99,99,99,99,99,99,99,99,99,99,99,99,99,99,99,99
702,pig,cow,dog,sheep,elephant,rat,mouse,lamb,lama,tiger,lion,sheep,bear,fish,allegator,ox,horse,duck,hen,turkey,99,99,99,99,99,99,99,99,99,99,99,99,99,99,99
706,Tigers,Lions,Iguanas,Elephants,Cats,Dogs,Mouses,99,99,99,99,99,99,99,99,99,99,99,99,99,99,99,99,99,99,99,99,99,99,99,99,99,99,99,99
707,elephant,tiger,bear,alligator,dog,cat,mouse,rhino,wolf,moose,elk,snake,ant,lion,fly,mosquito,monkey,giraffe,dhole,deer,goat,sheep,fish,shark,99,99,99,99,99,99,99,99,99,99,99
709,elephant,dog,cat,zebra,cow,mouse,pig,giraffe,lion,tiger,otter,fish,shark,horse,ferrett,jaguar,cobra,bird,snake,99,99,99,99,99,99,99,99,99,99,99,99,99,99,99,99
710,cat,dog,giraffe,elephant,zebra,horse,donkey,squirrel,snake,frog,tiger,lion,bear,liger,cougar,rhino,hippo,deer,99,99,99,99,99,99,99,99,99,99,99,99,99,99,99,99,99
711,Dog,Cat,Cow,Chicken,Shark,Dolphin,Elephant,Lion,Tiger,Cheetah,Panda,Koala,Girrafe,Spider,Frog,Monkey,Racoon,99,99,99,99,99,99,99,99,99,99,99,99,99,99,99,99,99,99
712,dog cat mose moose horse lion tiger bear dear doe pig cow,99,99,99,99,99,99,99,99,99,99,99,99,99,99,99,99,99,99,99,99,99,99,99,99,99,99,99,99,99,99,99,99,99,99
714,cow,dig,cat,moose,rat,fish,elephant,giraffe,lion,tiger,monkey,bear,dinosaur,bird,squirrel,ferret,chinchilla,hamster,snake,owl,peacock,99,99,99,99,99,99,99,99,99,99,99,99,99,99
715,bird,elephant,dog,cat,monkey,dolphin,whale,emu,raccoon,giraffe,rhino,coyote,hornet,bee,zebra,deer,possum,99,99,99,99,99,99,99,99,99,99,99,99,99,99,99,99,99,99
716,dog,cat,monkey,lizard,whale,jelly fish,shark,koala,sloth,gorilla,fox,tiger,lion,99,99,99,99,99,99,99,99,99,99,99,99,99,99,99,99,99,99,99,99,99,99
717,dog,cat,mouse,rabbit,horse,donkey,squirrel,catfish,fish,bunny,snake,monkey,ape,chimpanzee,zebra,liger,tiger,lion,99,99,99,99,99,99,99,99,99,99,99,99,99,99,99,99,99
718,cheetah,lion,giraffe,elephant,coyote,leapord,dog,cat,lizard,snake,gerbil,hamster,rabbit,bunny,bird,fish,monkey,ape,chimp,dolphin,whale,99,99,99,99,99,99,99,99,99,99,99,99,99,99
720,Dog,Zebra,lion,monkey,tiger,whale,snake,bird,girraffe,bear,elephant,polar bear,spiders,99,99,99,99,99,99,99,99,99,99,99,99,99,99,99,99,99,99,99,99,99,99
721,pig\,cow,turkey,chicken,parrot,dog,cat,fish,crab,lobster,lion,panther,cheetah,elephat,tiger,owl,hen,goose,99,99,99,99,99,99,99,99,99,99,99,99,99,99,99,99,99
722,shrimp,elephant,tiger,cat,snake,dog,pigeon,dove,lion,cheetah,lizard,giraffe,goldfish,zebra,chicken,rooster,duck,cow,snail,slug,ladybug,ant,grasshopper,frog,shark,99,99,99,99,99,99,99,99,99,99
723,monkey,giraffe,lion,zebra,dog,cat,lizard,bat,deer,goldfish,squirrel,frog,toad,mice,eagle,hawk,horse,bull,cow,99,99,99,99,99,99,99,99,99,99,99,99,99,99,99,99
726,goose,duck,deer,moose,birds,dogs,shiba inu,monkey,gorilla,elephant,giraffe,tiger,lion,bear,emu,orangutan,sloth,elk,deer,pigeon,lizard,gecko,chameleon,snail,snake,zebra,99,99,99,99,99,99,99,99,99
727,dog,cat,fish,lion,turtle,lemur,snail,99,99,99,99,99,99,99,99,99,99,99,99,99,99,99,99,99,99,99,99,99,99,99,99,99,99,99,99
728,dog  cat  bird  horse  monkey gorilla  moose  cow  frog  ferret  rat  mouse,cat,pig,99,99,99,99,99,99,99,99,99,99,99,99,99,99,99,99,99,99,99,99,99,99,99,99,99,99,99,99,99,99,99,99
731,dog,cat,mouse,giraffe,stingray,elaphant,rat,puppy,kitten,cub,moose,bear,99,99,99,99,99,99,99,99,99,99,99,99,99,99,99,99,99,99,99,99,99,99,99
733,dog,cat,wolf,horse,koala,tiger,lion,elephant,rat,hamster,gerbil,turtle,birs,bird,fish,flamingo,robin,rabbit,mouse,99,99,99,99,99,99,99,99,99,99,99,99,99,99,99,99
734,BEAR,RABIT,DEER,FISH,CAT,DOG,ELEPHANT,MOUSE,DOPLIN,PENGUIN,GIRAFFE,CAMEL,DUCK,TURTLE,BOAR,HIPPO,RINO,99,99,99,99,99,99,99,99,99,99,99,99,99,99,99,99,99,99
736,dog,cat,bird,mouse,aligator,bat,squirrel,rat,iguana,lizard,horse,cow,pig,chicken,alpaca,deer,sheep,goat,rooster,chick,monkey,99,99,99,99,99,99,99,99,99,99,99,99,99,99
737,dog,cat,mouse,tiger,bull,horse,jaguar,dinosaur,goat,snake,frog,lion,walrus,bear,deer,99,99,99,99,99,99,99,99,99,99,99,99,99,99,99,99,99,99,99,99
